sleep_awake,sleep_bedtime_end,sleep_bedtime_start,sleep_breath_average,sleep_deep,sleep_duration,sleep_efficiency,sleep_hr_average,sleep_hr_lowest,sleep_light,sleep_midpoint_time,sleep_onset_latency,sleep_rem,sleep_restless,sleep_rmssd,sleep_score,sleep_score_deep,sleep_score_efficiency,sleep_score_latency,sleep_score_rem,sleep_score_total,summary_date,sleep_temperature_delta,sleep_temperature_deviation,sleep_temperature_trend_deviation,sleep_total,activity_average_met,activity_cal_active,activity_cal_total,activity_high,activity_inactive,activity_low,activity_medium,activity_score,activity_steps,readiness_score,readiness_score_activity_balance
4590,2020-05-09T12:02:22+03:00,2020-05-09T02:52:22+03:00,15.625,8850,33000,86,52.24,49,14490,15510,840,5070,25,55,79,100,86,97,77,91,2020-05-09,-0.07,-0.07,0.02,28410,1.40625,341,2447,0,540,263,31,91.0,7485,88,0
4320,2020-05-10T13:06:44+03:00,2020-05-10T03:01:44+03:00,15.5,6840,36300,88,51.58,48,17220,18060,510,7920,29,56,82,98,90,83,98,99,2020-05-10,0.02,0.02,0.08,31980,1.375,370,2426,0,509,190,48,87.0,8916,90,0
2460,2020-05-11T08:13:20+03:00,2020-05-11T01:33:20+03:00,15.375,5850,24000,90,52.29,46,9330,12390,1950,6360,26,57,73,96,95,51,95,62,2020-05-11,0.1,0.1,0.18,21540,1.84375,983,3195,2,429,389,159,88.0,22977,77,80
3330,2020-05-12T08:13:07+03:00,2020-05-12T00:34:07+03:00,15.375,5760,27540,88,56.98,51,13200,14460,750,5250,22,46,77,96,90,94,79,73,2020-05-12,0.26,0.26,0.21,24210,1.4375,284,2474,0,637,344,2,84.0,5874,69,47
5550,2020-05-13T11:28:32+03:00,2020-05-13T01:05:32+03:00,15.625,9720,37380,85,49.88,45,15780,17520,540,6330,29,65,83,100,83,83,95,99,2020-05-13,-0.12,-0.12,0.21,31830,1.375,272,2388,0,515,324,2,79.0,6093,86,69
3870,2020-05-14T10:41:49+03:00,2020-05-14T01:20:49+03:00,15.375,7140,33660,89,48.72,45,16650,16800,990,6000,34,72,83,98,93,94,90,96,2020-05-14,-0.32,-0.32,0.03,29790,1.5625,581,2727,1,381,424,57,77.0,12403,88,73
5700,2020-05-15T10:22:53+03:00,2020-05-15T00:54:53+03:00,15.5,7320,34080,83,52.36,49,15150,17220,2280,5910,32,52,74,98,79,37,89,91,2020-05-15,0.13,0.13,0.06,28380,1.5,397,2593,0,523,439,15,75.0,8516,82,66
1980,2020-05-16T11:51:12+03:00,2020-05-16T03:17:12+03:00,15.125,8220,30840,94,50.81,46,12600,15240,300,8040,25,57,81,99,99,72,98,93,2020-05-16,-0.21,-0.21,0.06,28860,1.375,310,2400,0,586,269,11,71.0,6731,87,74
5010,2020-05-17T11:00:58+03:00,2020-05-17T03:01:58+03:00,15.875,7500,28740,83,53.34,48,11250,13350,540,4980,25,53,70,98,79,83,75,72,2020-05-17,0.11,0.11,0.16,23730,1.46875,433,2558,1,492,328,41,72.0,8676,75,78
4200,2020-05-18T11:31:19+03:00,2020-05-18T01:17:19+03:00,15.875,11550,36840,89,53.2,49,13140,17730,720,7950,26,56,85,100,93,91,98,100,2020-05-18,-0.16,-0.16,0.13,32640,1.3125,201,2307,0,465,264,4,60.0,4235,86,77
3210,2020-05-19T10:16:11+03:00,2020-05-19T01:45:11+03:00,16.125,10140,30660,90,51.84,48,12240,14760,510,5070,33,54,78,100,95,83,77,87,2020-05-19,-0.05,-0.05,0.12,27450,1.40625,295,2463,0,538,383,5,58.0,6506,86,85
4350,2020-05-20T11:13:07+03:00,2020-05-20T01:26:07+03:00,16.0,10530,35220,88,52.99,49,13980,17250,780,6360,29,50,83,100,90,94,95,97,2020-05-20,-0.13,-0.13,0.06,30870,1.40625,363,2477,0,455,330,22,59.0,8022,88,85
3540,2020-05-21T10:22:10+03:00,2020-05-21T00:51:10+03:00,15.875,6870,34260,90,56.07,51,17430,17160,1110,6420,32,45,84,98,95,89,95,97,2020-05-21,-0.12,-0.12,0.04,30720,1.59375,504,2751,0,521,505,21,61.0,10014,79,83
1650,2020-05-22T09:00:44+03:00,2020-05-22T04:08:44+03:00,15.375,6480,17520,91,54.1,50,7350,8370,120,2040,29,45,54,97,96,64,30,39,2020-05-22,-0.01,-0.01,0.06,15870,1.5,362,2600,1,732,372,11,60.0,7956,64,81
2430,2020-05-23T12:45:53+03:00,2020-05-23T03:28:53+03:00,15.0,11730,33420,93,49.6,46,11520,16800,750,7740,35,65,84,100,98,94,98,98,2020-05-23,-0.36,-0.36,-0.05,30990,1.625,723,2847,3,352,352,90,81.0,16739,83,82
3570,2020-05-24T12:15:15+03:00,2020-05-24T02:57:15+03:00,15.5,10290,33480,89,53.99,49,13320,15870,270,6300,27,49,80,100,93,72,95,96,2020-05-24,0.12,0.12,0.0,29910,1.40625,384,2695,0,547,281,26,78.0,7569,80,71
5610,2020-05-25T11:41:16+03:00,2020-05-25T02:17:16+03:00,15.75,7560,33840,83,52.63,46,16470,16770,1680,4200,35,55,69,98,81,64,56,82,2020-05-25,0.07,0.07,0.1,28230,1.59375,643,3028,0,406,458,46,87.0,12413,76,74
4770,2020-05-26T11:23:03+03:00,2020-05-26T02:46:03+03:00,15.75,7560,31020,85,52.77,48,15210,15420,810,3480,35,53,69,98,83,97,46,75,2020-05-26,0.08,0.08,0.18,26250,1.5625,548,2932,0,525,410,31,89.0,10828,75,69
2010,2020-05-27T10:00:01+03:00,2020-05-27T04:07:01+03:00,15.375,7680,21180,91,50.96,45,8460,10590,660,3030,31,55,59,98,96,89,40,47,2020-05-27,0.15,0.15,0.21,19170,1.5,435,2824,0,616,341,33,88.0,8285,69,68
6090,2020-05-28T11:34:01+03:00,2020-05-28T02:11:01+03:00,15.25,9720,33780,82,50.16,44,12330,15420,900,5640,27,60,76,100,81,99,75,80,2020-05-28,0.06,0.06,0.21,27690,1.5,427,2816,0,599,321,29,88.0,8135,76,71
3420,2020-05-30T13:52:08+03:00,2020-05-30T03:16:08+03:00,15.625,9420,38160,91,54.6,50,16830,18630,240,8490,38,50,80,100,96,70,99,100,2020-05-30,0.01,0.01,0.17,34740,1.40625,333,2657,0,550,283,9,76.0,5811,79,72
4080,2020-05-31T13:11:52+03:00,2020-05-31T04:59:52+03:00,15.0,7200,29520,86,54.89,50,13290,14190,540,4950,31,47,68,97,86,83,67,71,2020-05-31,-0.16,-0.16,0.06,25440,1.625,794,3101,3,360,357,75,91.0,14383,72,77
4020,2020-06-01T11:25:56+03:00,2020-06-01T01:58:56+03:00,15.875,6690,34020,88,56.35,51,17100,17100,1110,6210,31,51,77,96,90,89,84,89,2020-06-01,0.15,0.15,0.11,30000,1.375,254,2608,0,582,306,0,82.0,4649,75,67
3510,2020-06-02T11:27:30+03:00,2020-06-02T02:42:30+03:00,15.625,8730,31500,89,51.94,48,12870,14880,360,6390,30,63,75,100,93,75,86,81,2020-06-02,0.12,0.12,0.19,27990,1.46875,410,2766,1,571,319,23,77.0,7730,83,76
4080,2020-06-03T10:30:38+03:00,2020-06-03T02:36:38+03:00,15.75,7290,28440,86,55.03,50,14970,13650,390,2100,30,52,65,97,86,78,27,67,2020-06-03,0.14,0.14,0.25,24360,1.46875,426,2789,0,574,323,22,72.0,8274,70,77
3720,2020-06-04T10:31:17+03:00,2020-06-04T02:01:17+03:00,15.75,5640,30600,88,55.05,49,15930,14910,690,5310,20,46,74,90,90,91,71,77,2020-06-04,0.23,0.23,0.3,26880,1.625,671,3091,0,358,566,24,80.0,12213,74,78
3660,2020-06-05T10:51:42+03:00,2020-06-05T03:05:42+03:00,15.375,7920,27960,87,53.01,48,13440,13350,270,2940,35,53,63,98,88,72,39,67,2020-06-05,-0.06,-0.06,0.2,24300,1.75,891,3308,2,410,510,82,86.0,16774,72,74
2760,2020-06-06T10:06:58+03:00,2020-06-06T03:36:58+03:00,15.75,5610,23400,88,56.2,50,12270,11730,180,2760,37,47,57,90,90,67,36,53,2020-06-06,0.02,0.02,0.12,20640,1.46875,437,2761,0,602,313,20,86.0,7938,59,65
3000,2020-06-07T08:46:34+03:00,2020-06-07T01:56:34+03:00,15.75,6270,24600,88,52.12,46,11850,12390,1200,3480,36,57,63,96,90,86,46,57,2020-06-07,0.13,0.13,0.13,21600,1.53125,583,2929,0,625,286,66,85.0,12513,65,67
2220,2020-06-08T08:16:59+03:00,2020-06-08T01:18:59+03:00,15.625,7980,25080,91,52.25,48,10410,12180,180,4470,37,51,68,98,97,67,60,62,2020-06-08,0.11,0.11,0.16,22860,1.375,331,2583,0,311,238,24,91.0,6752,65,65
3300,2020-06-09T11:07:07+03:00,2020-06-09T01:11:07+03:00,15.625,9390,35760,91,52.97,48,15420,17310,360,7650,28,52,83,100,96,75,97,97,2020-06-09,0.27,0.27,0.23,32460,1.75,942,3333,0,378,492,90,98.0,19525,77,72
2370,2020-06-10T10:01:33+03:00,2020-06-10T04:02:33+03:00,15.75,5910,21540,89,53.13,50,10740,10680,600,2520,34,56,58,95,93,86,33,47,2020-06-10,0.21,0.21,0.26,19170,1.46875,420,2789,0,595,378,12,94.0,8431,59,59
5490,2020-06-11T11:11:08+03:00,2020-06-11T02:13:08+03:00,15.625,7650,32280,83,52.99,49,14160,15180,510,4980,32,51,71,98,79,83,67,77,2020-06-11,0.11,0.11,0.23,26790,1.5625,650,2990,0,409,307,77,98.0,13804,68,63
5340,2020-06-12T11:31:58+03:00,2020-06-12T02:00:58+03:00,15.5,6510,34260,84,57.73,51,17070,17190,210,5340,37,49,71,96,83,70,71,85,2020-06-12,0.2,0.2,0.22,28920,1.375,356,2644,0,585,283,21,95.0,6956,67,63
5310,2020-06-13T10:11:34+03:00,2020-06-13T02:06:34+03:00,16.0,7410,29100,82,54.26,48,11520,14760,990,4860,31,52,67,97,76,94,65,65,2020-06-13,0.19,0.19,0.24,23790,1.9375,1279,3682,2,331,479,155,99.0,26821,65,69
2610,2020-06-14T13:00:34+03:00,2020-06-14T04:10:34+03:00,15.5,7740,31800,92,56.65,52,13920,15660,390,7530,28,49,77,98,97,78,96,86,2020-06-14,0.28,0.28,0.3,29190,1.34375,356,2604,2,512,221,34,96.0,7016,66,51
3390,2020-06-15T10:44:48+03:00,2020-06-15T01:29:48+03:00,15.625,4350,33300,90,52.46,47,18720,16920,1410,6840,28,61,76,69,95,75,92,89,2020-06-15,0.04,0.04,0.24,29910,1.625,741,3081,0,437,360,71,98.0,15363,75,58
4290,2020-06-16T11:07:38+03:00,2020-06-16T02:31:38+03:00,15.625,8790,30960,86,53.31,48,13050,15300,1080,4830,29,53,72,100,86,91,65,76,2020-06-16,-0.06,-0.06,0.13,26670,1.5,471,2823,0,498,348,30,96.0,9321,77,54
3600,2020-06-17T11:07:28+03:00,2020-06-17T02:03:28+03:00,15.625,5730,32640,89,54.03,49,17730,16110,870,5580,29,58,77,92,93,99,75,85,2020-06-17,0.24,0.24,0.16,29040,1.46875,430,2784,0,470,409,12,95.0,8189,77,60
5850,2020-06-18T11:11:49+03:00,2020-06-18T01:41:49+03:00,16.0,7260,34200,83,53.99,49,15690,16590,780,5400,33,51,74,97,79,94,72,83,2020-06-18,0.27,0.27,0.28,28350,1.5625,580,2945,2,572,316,63,94.0,11289,79,65
3360,2020-06-19T11:40:18+03:00,2020-06-19T03:09:18+03:00,15.625,6600,30660,89,57.51,50,14280,15180,390,6420,31,47,73,96,93,78,86,79,2020-06-19,-0.06,-0.06,0.22,27300,1.53125,501,2890,0,606,294,54,94.0,10145,68,66
3390,2020-06-20T12:26:00+03:00,2020-06-20T03:53:00+03:00,15.875,7500,30780,89,56.94,52,13620,15120,630,6270,28,42,74,98,93,89,84,79,2020-06-20,0.24,0.24,0.22,27390,1.6875,873,3229,0,303,470,85,98.0,17513,70,69
2760,2020-06-21T11:06:00+03:00,2020-06-21T02:48:00+03:00,15.25,7560,29880,91,55.06,50,12990,15180,870,6570,31,49,77,98,96,99,88,78,2020-06-21,-0.08,-0.08,0.15,27120,1.59375,740,3048,0,445,300,100,97.0,15241,73,63
5700,2020-06-22T11:31:52+03:00,2020-06-22T01:00:52+03:00,15.75,7230,37860,85,53.0,49,17820,17730,480,7110,33,57,80,97,83,81,95,97,2020-06-22,0.1,0.1,0.15,32160,1.625,763,3095,0,370,289,95,97.0,15408,82,60
5130,2020-06-23T10:03:04+03:00,2020-06-23T01:39:04+03:00,15.75,7980,30240,83,50.55,46,12750,14220,870,4380,28,64,70,98,79,99,58,70,2020-06-23,-0.05,-0.05,0.1,25110,1.6875,819,3208,0,435,440,84,95.0,15444,81,60
4080,2020-06-24T10:15:04+03:00,2020-06-24T02:02:04+03:00,15.625,5610,29580,86,55.3,49,15120,14880,630,4770,32,58,70,90,86,89,64,72,2020-06-24,0.16,0.16,0.16,25500,1.6875,756,3195,0,389,579,45,93.0,14999,74,57
6840,2020-06-25T11:45:59+03:00,2020-06-25T03:16:59+03:00,16.0,5700,30540,78,51.33,48,14340,14550,930,3660,28,59,64,91,69,97,49,65,2020-06-25,0.05,0.05,0.17,23700,1.5,532,2858,0,348,394,25,99.0,10953,77,56
4260,2020-06-26T11:39:59+03:00,2020-06-26T02:27:59+03:00,15.25,8520,33120,87,52.14,48,13260,15480,120,7080,37,54,75,99,88,64,95,85,2020-06-26,-0.09,-0.09,0.12,28860,1.71875,846,3259,0,436,457,86,98.0,17412,82,61
2700,2020-06-27T08:33:04+03:00,2020-06-27T04:12:04+03:00,16.0,4530,15660,83,63.53,53,7200,7830,420,1230,29,34,45,72,81,78,16,24,2020-06-27,0.43,0.43,0.25,12960,1.59375,651,2986,2,408,397,45,99.0,12678,46,57
4080,2020-06-28T10:48:40+03:00,2020-06-28T00:41:40+03:00,15.875,7980,36420,89,57.36,52,16080,18480,1050,8280,26,48,84,98,93,91,98,97,2020-06-28,0.29,0.29,0.38,32340,1.34375,369,2587,0,314,235,28,99.0,7407,71,60
7530,2020-06-29T10:11:04+03:00,2020-06-29T01:19:04+03:00,16.25,5970,31920,76,54.81,50,14730,14880,930,3690,24,54,67,95,65,97,49,68,2020-06-29,0.41,0.41,0.49,24390,1.53125,514,2882,1,415,437,29,97.0,10087,71,68
5460,2020-06-30T11:45:32+03:00,2020-06-30T01:01:32+03:00,15.375,6600,38640,86,54.52,50,17160,18810,960,9420,25,50,84,96,86,97,100,99,2020-06-30,0.11,0.11,0.4,33180,1.46875,464,2794,0,486,318,32,93.0,9031,79,71
4380,2020-07-01T11:04:52+03:00,2020-07-01T01:37:52+03:00,16.0,9150,34020,87,55.34,50,13770,16410,840,6720,27,44,80,100,88,97,90,88,2020-07-01,0.02,0.02,0.27,29640,1.53125,516,2892,0,481,393,38,92.0,10500,78,75
5340,2020-07-02T11:26:04+03:00,2020-07-02T02:11:04+03:00,15.25,5310,33300,84,58.16,53,16320,16530,1080,6330,29,38,74,85,81,91,85,81,2020-07-02,-0.24,-0.24,0.07,27960,1.5,513,2868,3,636,283,48,93.0,10159,71,77
3180,2020-07-03T12:36:02+03:00,2020-07-03T04:30:02+03:00,15.375,8790,29160,89,55.78,51,12390,14460,600,4800,34,47,70,100,93,86,64,74,2020-07-03,0.16,0.16,0.11,25980,1.71875,876,3237,0,440,423,86,96.0,18217,69,79
4140,2020-07-04T13:43:03+03:00,2020-07-04T05:57:03+03:00,15.5,8250,27960,85,54.99,51,10950,13350,180,4620,33,56,63,99,83,67,62,65,2020-07-04,0.08,0.08,0.19,23820,1.6875,871,3185,0,325,381,84,98.0,17734,69,72
7110,2020-07-05T13:35:35+03:00,2020-07-05T02:59:35+03:00,15.25,2730,38160,81,61.52,54,20430,20520,300,7890,24,44,72,43,76,72,97,93,2020-07-05,0.21,0.21,0.27,31050,1.34375,293,2563,0,587,193,23,92.0,5673,67,68
4560,2020-07-06T11:43:32+03:00,2020-07-06T03:11:32+03:00,15.75,5580,30720,85,54.13,49,13740,14610,420,6840,24,56,71,89,83,78,92,74,2020-07-06,-0.06,-0.06,0.18,26160,1.625,733,3112,0,439,455,44,96.0,14215,76,75
5370,2020-07-07T11:43:31+03:00,2020-07-07T03:17:31+03:00,15.625,7470,30360,82,55.87,50,12330,15510,1440,5190,24,49,67,98,79,75,70,70,2020-07-07,0.09,0.09,0.15,24990,1.6875,775,3179,1,506,351,97,97.0,15872,71,71
5190,2020-07-08T11:48:30+03:00,2020-07-08T03:37:30+03:00,16.125,8100,29460,82,57.46,53,10530,13830,870,5640,33,47,68,99,76,99,75,67,2020-07-08,-0.13,-0.13,0.07,24270,1.4375,290,2701,0,641,328,2,93.0,5504,67,69
2700,2020-07-09T11:51:33+03:00,2020-07-09T04:56:33+03:00,15.75,7410,24900,89,55.63,50,10290,11640,180,4500,25,42,63,97,93,67,60,59,2020-07-09,-0.08,-0.08,0.03,22200,1.46875,381,2770,0,638,349,15,92.0,7176,67,77
2730,2020-07-10T11:51:24+03:00,2020-07-10T04:35:24+03:00,15.625,6840,26160,90,55.3,52,10440,12840,660,6150,17,45,70,96,95,89,83,64,2020-07-10,-0.11,-0.11,0.0,23430,1.625,659,3060,2,524,422,44,92.0,11981,69,82
4170,2020-07-13T10:34:43+03:00,2020-07-13T00:21:43+03:00,15.625,9420,36780,89,56.93,51,13590,18000,600,9600,26,58,85,100,93,86,100,98,2020-07-13,0.17,0.17,0.1,32610,1.5,459,2822,0,534,379,26,80.0,9209,78,89
3750,2020-07-14T11:03:30+03:00,2020-07-14T01:53:30+03:00,15.75,8640,33000,89,53.47,48,12810,16470,1140,7800,33,59,79,99,93,89,97,86,2020-07-14,0.06,0.06,0.17,29250,1.65625,725,3143,2,397,493,60,86.0,13281,85,91
4680,2020-07-15T11:50:30+03:00,2020-07-15T02:58:30+03:00,15.75,7950,31920,85,55.69,51,14040,14880,210,5250,30,48,71,98,86,70,71,78,2020-07-15,0.11,0.11,0.2,27240,1.46875,425,2775,0,535,358,31,84.0,8156,76,85
2190,2020-07-18T13:38:20+03:00,2020-07-18T04:16:20+03:00,14.75,4770,33720,94,60.2,53,18390,16710,330,8370,32,45,78,76,99,75,98,95,2020-07-18,0.1,0.1,0.2,31530,1.375,298,2610,0,623,241,11,73.0,5570,73,93
3210,2020-07-19T14:13:02+03:00,2020-07-19T04:52:02+03:00,15.75,7950,33660,90,56.51,53,15390,16920,690,7110,28,46,80,98,96,91,95,91,2020-07-19,0.15,0.15,0.23,30450,1.625,746,3085,1,296,451,60,82.0,13878,87,96
6390,2020-07-20T11:52:02+03:00,2020-07-20T02:46:02+03:00,15.375,6780,32760,80,57.12,51,13650,16590,1710,5940,27,45,68,96,74,62,80,75,2020-07-20,-0.17,-0.17,0.12,26370,1.59375,605,2999,1,425,482,31,85.0,11448,79,88
4260,2020-07-21T11:42:02+03:00,2020-07-21T04:42:02+03:00,15.625,4710,25200,83,55.22,51,11160,12060,690,5070,32,47,60,75,79,91,68,54,2020-07-21,-0.14,-0.14,0.01,20940,1.625,709,3076,1,514,402,64,83.0,13041,73,86
3720,2020-07-22T11:21:57+03:00,2020-07-22T03:23:57+03:00,15.625,8010,28680,87,55.31,52,11430,13770,930,5520,23,42,72,98,88,97,74,70,2020-07-22,-0.12,-0.12,-0.03,24960,1.46875,472,2817,0,595,265,49,85.0,8799,76,81
3090,2020-07-23T09:52:59+03:00,2020-07-23T02:35:59+03:00,15.875,7770,26220,88,53.58,50,10110,13080,1050,5250,30,48,69,98,90,91,71,63,2020-07-23,-0.44,-0.44,-0.15,23130,1.40625,330,2678,1,708,258,19,82.0,6140,74,83
3270,2020-07-24T10:45:11+03:00,2020-07-24T02:29:11+03:00,15.75,7470,29760,89,56.26,49,12630,14640,390,6390,25,43,74,98,93,78,86,76,2020-07-24,0.21,0.21,-0.02,26490,1.625,659,3051,0,404,437,44,92.0,12789,76,86
4080,2020-07-25T12:19:12+03:00,2020-07-25T04:21:12+03:00,15.0,6540,28680,86,56.0,52,11880,13560,480,6180,31,45,68,96,86,81,83,68,2020-07-25,0.02,0.02,0.09,24600,1.71875,901,3273,1,283,546,62,98.0,17362,68,83
3780,2020-07-26T13:28:22+03:00,2020-07-26T02:47:22+03:00,15.625,8700,38460,90,55.56,51,16470,18930,150,9510,29,49,81,100,95,67,100,100,2020-07-26,0.17,0.17,0.21,34680,1.53125,737,2957,6,248,283,79,98.0,13194,79,74
6660,2020-07-27T11:53:00+03:00,2020-07-27T02:27:00+03:00,15.375,4080,33960,80,55.22,50,17490,16440,1020,5730,37,53,68,64,74,94,77,79,2020-07-27,-0.16,-0.16,0.1,27300,1.4375,352,2704,0,570,353,11,89.0,6408,75,72
3900,2020-07-28T09:42:03+03:00,2020-07-28T03:14:03+03:00,15.875,6030,23280,83,54.08,47,10650,11100,870,2700,33,51,58,95,81,99,36,48,2020-07-28,0.06,0.06,0.08,19380,1.8125,977,3426,0,417,539,91,93.0,19465,68,78
7080,2020-07-29T12:57:37+03:00,2020-07-29T02:53:37+03:00,15.75,8880,36240,80,55.54,52,14460,17490,780,5820,36,47,74,100,72,94,78,86,2020-07-29,0.15,0.15,0.15,29160,1.4375,402,2720,1,616,227,39,89.0,7904,75,68
1590,2020-07-30T09:46:02+03:00,2020-07-30T04:05:02+03:00,15.625,6480,20460,92,53.55,48,8760,10140,300,3630,28,57,59,96,98,72,49,46,2020-07-30,-0.07,-0.07,0.14,18870,1.28125,234,2445,0,429,129,26,92.0,4927,66,72
4470,2020-07-31T12:04:18+03:00,2020-07-31T02:46:18+03:00,15.5,9030,33480,87,60.27,53,12540,15390,180,7440,29,41,76,100,88,67,96,85,2020-07-31,0.02,0.02,0.1,29010,1.4375,416,2740,0,609,310,23,85.0,7963,70,79
3540,2020-08-01T13:39:55+03:00,2020-08-01T03:46:55+03:00,15.375,10710,35580,90,56.14,53,12930,17610,990,8400,28,45,83,100,95,94,98,96,2020-08-01,-0.03,-0.03,0.07,32040,1.3125,239,2505,0,644,197,17,77.0,4674,80,82
2220,2020-08-02T15:32:14+03:00,2020-08-02T07:42:14+03:00,15.125,5610,28200,92,54.94,51,13770,14070,570,6600,29,52,72,90,97,86,88,74,2020-08-02,0.03,0.03,0.09,25980,1.5,518,2835,0,548,316,40,75.0,9832,79,88
5100,2020-08-04T14:01:30+03:00,2020-08-04T04:43:30+03:00,15.375,11190,33480,85,53.46,50,10500,15720,660,6690,27,54,76,100,83,89,90,83,2020-08-04,-0.14,-0.14,-0.06,28380,1.40625,403,2672,0,545,310,22,70.0,7473,84,89
6630,2020-08-05T13:36:33+03:00,2020-08-05T04:38:33+03:00,15.125,8670,32280,79,54.45,50,9510,14550,930,7470,30,55,72,100,72,97,96,72,2020-08-05,0.07,0.07,0.01,25650,1.4375,433,2728,1,572,305,29,69.0,7982,82,91
2370,2020-08-06T12:03:32+03:00,2020-08-06T04:54:32+03:00,15.625,6690,25740,91,56.04,48,10650,12720,510,6030,23,49,69,96,96,83,81,64,2020-08-06,0.2,0.2,0.17,23370,1.5625,652,2963,0,528,233,89,80.0,14293,74,91
6540,2020-08-07T14:21:32+03:00,2020-08-07T05:22:32+03:00,15.625,8130,32340,80,56.13,51,11940,14730,240,5730,29,49,68,99,72,70,77,73,2020-08-07,-0.13,-0.13,0.14,25800,1.5625,656,2987,1,430,403,58,89.0,13133,78,88
2940,2020-08-08T14:19:32+03:00,2020-08-08T04:35:32+03:00,15.625,7350,35040,92,55.97,52,17010,17370,660,7740,34,51,81,97,97,89,97,96,2020-08-08,0.1,0.1,0.12,32100,1.5,541,2872,0,385,439,34,95.0,10890,83,83
4800,2020-08-09T12:28:32+03:00,2020-08-09T05:49:32+03:00,14.875,5580,23940,80,54.45,51,9330,11400,690,4230,30,50,57,89,72,91,57,47,2020-08-09,0.01,0.01,0.12,19140,1.25,166,2346,0,157,151,6,91.0,3268,71,83
6390,2020-08-12T15:05:02+03:00,2020-08-12T02:58:02+03:00,15.5,9180,43620,85,53.0,49,18000,21990,2370,10050,28,62,77,100,83,32,100,100,2020-08-12,0.17,0.17,0.19,37230,1.4375,472,2746,1,447,275,45,80.0,8620,89,92
3870,2020-08-13T14:38:02+03:00,2020-08-13T05:46:02+03:00,15.25,7920,31920,88,55.12,49,14040,16440,1620,6090,28,54,73,98,90,67,82,82,2020-08-13,0.1,0.1,0.21,28050,1.78125,1030,3408,5,267,519,103,86.0,18571,84,91
3960,2020-08-14T13:19:02+03:00,2020-08-14T05:38:02+03:00,15.75,7500,27660,86,55.21,48,12750,14430,1680,3450,40,60,61,98,86,64,46,65,2020-08-14,-0.36,-0.36,0.03,23700,1.84375,1108,3519,2,388,457,125,86.0,21999,73,76
3600,2020-08-15T12:08:02+03:00,2020-08-15T04:37:02+03:00,15.75,8160,27060,87,51.96,48,12330,13260,690,2970,38,61,63,99,88,91,40,64,2020-08-15,-0.35,-0.35,-0.16,23460,1.8125,1100,3460,0,217,450,136,89.0,21995,76,60
2280,2020-08-16T10:01:02+03:00,2020-08-16T04:44:02+03:00,15.75,6780,19020,88,54.64,51,7800,9450,240,2160,21,50,52,96,90,70,28,38,2020-08-16,0.01,0.01,-0.11,16740,1.6875,848,3198,3,214,500,51,91.0,15749,63,52
4920,2020-08-17T10:20:21+03:00,2020-08-17T00:40:21+03:00,15.125,5610,34800,86,59.05,53,20130,18300,780,4140,33,45,75,90,86,94,55,89,2020-08-17,0.4,0.4,0.18,29880,1.5,466,2817,0,535,443,7,91.0,9346,70,50
3030,2020-08-18T10:26:29+03:00,2020-08-18T03:57:29+03:00,15.625,8220,23340,87,58.04,50,9750,11970,600,2340,32,49,59,99,90,86,31,52,2020-08-18,0.04,0.04,0.27,20310,1.46875,492,2772,0,473,299,41,97.0,9709,60,57
3420,2020-08-19T11:11:29+03:00,2020-08-19T03:23:29+03:00,15.5,6660,28080,88,55.75,51,14430,14520,1080,3570,46,64,65,96,90,91,48,68,2020-08-19,0.07,0.07,0.22,24660,1.40625,401,2695,0,547,356,11,95.0,7775,68,61
3690,2020-08-20T12:46:29+03:00,2020-08-20T02:11:29+03:00,15.625,8190,38100,90,54.71,49,17340,19110,810,8880,34,61,84,99,96,97,100,100,2020-08-20,0.07,0.07,0.16,34410,1.46875,475,2784,0,337,408,21,97.0,9821,84,67
3450,2020-08-21T12:12:29+03:00,2020-08-21T04:20:29+03:00,15.75,6180,28320,88,56.95,52,11550,14520,750,7140,32,54,71,95,90,94,95,69,2020-08-21,-0.08,-0.08,0.11,24870,1.4375,500,2767,0,345,353,20,92.0,9297,75,73
3240,2020-08-22T09:00:29+03:00,2020-08-22T02:29:29+03:00,15.25,8910,23460,86,54.26,52,8700,11820,360,2610,25,61,60,100,86,75,35,51,2020-08-22,-0.22,-0.22,0.0,20220,1.78125,978,3375,4,327,579,65,90.0,18175,72,76
6510,2020-08-23T13:15:33+03:00,2020-08-23T01:06:33+03:00,15.5,12060,43740,85,54.88,50,17370,21240,930,7800,27,59,84,100,83,97,97,100,2020-08-23,0.16,0.16,0.06,37230,1.59375,788,3079,0,398,308,88,90.0,15733,85,68
2820,2020-08-24T11:07:29+03:00,2020-08-24T02:23:29+03:00,15.25,7980,31440,91,54.55,47,13920,15210,240,6720,30,57,76,98,96,70,90,84,2020-08-24,-0.17,-0.17,0.05,28620,1.375,308,2617,0,623,254,19,85.0,5425,81,64
3900,2020-08-25T11:42:37+03:00,2020-08-25T01:54:37+03:00,15.125,10530,35280,89,52.51,48,13950,17310,720,6900,28,60,82,100,93,91,93,94,2020-08-25,-0.17,-0.17,0.0,31380,1.46875,528,2819,1,610,212,63,89.0,10265,84,71
4380,2020-08-26T11:58:29+03:00,2020-08-26T02:20:29+03:00,15.25,8790,34680,87,55.18,50,14940,16620,360,6570,30,46,78,100,88,75,88,90,2020-08-26,-0.21,-0.21,-0.09,30300,1.4375,450,2749,0,553,309,36,85.0,8803,83,72
7620,2020-09-06T12:30:43+03:00,2020-09-06T04:04:43+03:00,16.0,6780,30360,75,56.69,51,13500,13080,390,2460,35,46,68,97,60,78,36,67,2020-09-06,-0.07,-0.07,-0.03,22740,1.4375,422,2608,1,566,313,27,52.0,7932,74,83
3180,2020-09-07T11:37:43+03:00,2020-09-07T04:12:43+03:00,15.25,5490,26700,88,59.49,52,14130,12930,660,3900,35,43,75,96,90,89,58,71,2020-09-07,-0.14,-0.14,-0.02,23520,1.5,452,2683,0,572,372,23,53.0,9344,70,86
4980,2020-09-08T11:13:43+03:00,2020-09-08T03:04:43+03:00,15.75,6390,29340,83,55.94,53,11280,13890,990,6690,28,46,80,97,79,94,96,74,2020-09-08,-0.24,-0.24,-0.08,24360,1.625,656,2940,0,468,492,41,68.0,13102,80,87
7290,2020-09-09T12:31:43+03:00,2020-09-09T04:20:43+03:00,14.875,4980,29460,75,57.83,52,12450,15150,2550,4740,34,44,64,95,62,24,71,65,2020-09-09,-0.09,-0.09,-0.08,22170,1.53125,496,2756,0,433,493,12,74.0,10070,67,83
4170,2020-09-10T11:52:43+03:00,2020-09-10T04:52:43+03:00,15.125,8070,25200,83,56.58,52,9150,12060,990,3810,28,47,74,99,81,94,57,60,2020-09-10,-0.15,-0.15,-0.07,21030,1.59375,621,2870,0,500,440,34,78.0,12309,73,83
3870,2020-09-11T12:15:43+03:00,2020-09-11T03:17:43+03:00,15.25,8250,32280,88,61.74,56,14370,15510,480,5790,38,42,82,99,90,81,88,91,2020-09-11,-0.04,-0.04,-0.02,28410,1.46875,459,2782,0,468,371,20,79.0,8920,66,80
6390,2020-09-12T13:29:01+03:00,2020-09-12T04:31:01+03:00,15.0,6870,32280,80,57.48,51,12180,15990,1560,6840,33,49,68,97,72,70,92,73,2020-09-12,-0.09,-0.09,-0.01,25890,1.46875,514,2784,6,506,299,32,82.0,9038,69,82
4410,2020-09-13T13:21:30+03:00,2020-09-13T03:19:30+03:00,15.375,9270,36120,88,58.56,52,14340,16980,330,8100,26,54,80,100,90,75,98,95,2020-09-13,0.16,0.16,0.08,31710,1.59375,670,3004,0,405,441,37,86.0,12033,76,81
3300,2020-09-14T12:03:30+03:00,2020-09-14T04:42:30+03:00,15.25,7410,26460,88,57.72,53,12030,12840,480,3720,37,52,62,97,90,81,49,63,2020-09-14,-0.18,-0.18,0.03,23160,1.65625,728,3102,2,554,365,70,90.0,13405,68,78
4110,2020-09-15T12:33:32+03:00,2020-09-15T04:12:32+03:00,15.125,8460,30060,86,55.73,51,11580,14160,390,5910,28,49,71,99,86,78,80,74,2020-09-15,0.04,0.04,0.03,25950,1.8125,1053,3421,2,430,355,141,96.0,22095,74,76
2610,2020-09-16T09:44:32+03:00,2020-09-16T03:52:32+03:00,16.125,6030,21120,88,61.01,53,8430,11130,1170,4050,27,44,60,95,90,86,54,45,2020-09-16,0.05,0.05,0.06,18510,1.375,325,2607,0,539,260,25,92.0,6503,53,67
4380,2020-09-17T10:55:12+03:00,2020-09-17T01:06:12+03:00,15.625,9900,35340,88,54.93,50,13560,16710,210,7500,29,50,81,100,90,70,96,93,2020-09-17,-0.09,-0.09,0.05,30960,1.625,691,3068,1,509,379,62,96.0,12615,78,72
2160,2020-09-18T08:56:53+03:00,2020-09-18T02:57:53+03:00,15.625,7260,21540,90,56.74,52,8220,10770,870,3900,30,45,64,97,95,99,52,48,2020-09-18,0.0,0.0,0.03,19380,1.71875,868,3249,1,341,522,72,99.0,15996,62,70
2760,2020-09-19T08:01:01+03:00,2020-09-19T00:52:01+03:00,15.5,10500,25740,89,54.91,49,8010,12780,450,4470,21,53,72,100,93,81,60,62,2020-09-19,0.03,0.03,0.05,22980,1.65625,691,3116,0,483,521,35,97.0,13875,70,66
3780,2020-09-20T12:05:59+03:00,2020-09-20T01:17:59+03:00,15.125,9390,38880,90,54.26,48,16800,19080,810,8910,33,55,85,100,95,97,100,100,2020-09-20,0.17,0.17,0.14,35100,0.46875,155,2079,1,273,77,18,99.0,25154,84,65
5250,2020-09-21T11:56:13+03:00,2020-09-21T01:38:13+03:00,15.25,7350,37080,86,56.31,49,17610,18540,900,6870,27,52,83,97,86,99,93,96,2020-09-21,0.02,0.02,0.14,31830,1.5625,684,2969,2,485,208,91,97.0,12854,88,76
9180,2020-09-22T11:49:03+03:00,2020-09-22T02:08:03+03:00,15.25,4140,34860,74,60.19,53,14580,18660,1080,6960,32,46,66,65,58,91,93,72,2020-09-22,0.14,0.14,0.16,25680,1.46875,440,2767,0,482,367,24,97.0,8382,67,57
5250,2020-09-23T10:43:03+03:00,2020-09-23T02:14:03+03:00,15.75,9840,30540,83,53.8,51,12180,14280,690,3270,29,63,68,100,79,91,44,71,2020-09-23,-0.19,-0.19,0.05,25290,1.5625,635,2987,2,486,382,58,97.0,12551,81,64
5070,2020-09-24T11:06:03+03:00,2020-09-24T02:01:03+03:00,15.25,7020,32700,84,57.48,51,14250,16350,1050,6360,30,52,75,97,86,91,85,80,2020-09-24,0.09,0.09,0.05,27630,1.53125,535,2898,2,608,328,41,95.0,10155,77,65
4770,2020-09-25T12:01:03+03:00,2020-09-25T03:25:03+03:00,15.875,5790,30960,85,57.28,52,14700,14370,810,5700,42,45,70,93,83,97,76,74,2020-09-25,-0.15,-0.15,0.02,26190,1.46875,456,2788,0,458,284,33,98.0,7898,75,69
2790,2020-09-26T10:05:33+03:00,2020-09-26T05:07:33+03:00,15.0,6300,17880,84,52.94,48,5880,8400,450,2910,28,51,52,96,86,81,39,32,2020-09-26,-0.24,-0.24,-0.03,15090,1.75,913,3293,1,221,454,94,99.0,17170,62,75
3900,2020-09-27T13:52:00+03:00,2020-09-27T04:56:00+03:00,15.125,6240,32160,88,63.17,55,15570,15750,360,6450,30,38,73,95,93,75,87,82,2020-09-27,0.11,0.11,0.02,28260,1.53125,590,2898,0,408,378,41,98.0,10549,65,75
6480,2020-09-28T13:02:00+03:00,2020-09-28T03:41:00+03:00,15.625,8430,33660,81,57.04,52,14130,15510,390,4620,42,45,67,99,74,78,62,78,2020-09-28,-0.03,-0.03,0.08,27180,1.4375,450,2760,0,466,333,26,93.0,8386,76,77
5040,2020-09-29T12:03:00+03:00,2020-09-29T03:00:00+03:00,15.5,7590,32580,85,52.78,48,13830,15600,780,6120,34,58,74,98,83,94,82,80,2020-09-29,0.03,0.03,0.12,27540,1.71875,853,3258,0,414,431,92,96.0,15777,83,81
5160,2020-09-30T13:06:59+03:00,2020-09-30T04:19:59+03:00,15.625,7050,31620,84,54.08,50,15240,15360,930,4170,37,54,68,97,81,97,56,75,2020-09-30,-0.07,-0.07,0.08,26460,1.46875,448,2790,0,427,362,27,89.0,8196,78,76
2850,2020-10-02T12:06:30+03:00,2020-10-02T03:02:30+03:00,15.625,9930,32640,91,51.72,47,12840,15750,210,7020,34,63,77,100,97,70,94,88,2020-10-02,-0.38,-0.38,-0.07,29790,1.59375,643,3016,0,451,428,55,88.0,11889,85,82
4710,2020-10-03T14:48:30+03:00,2020-10-03T04:45:30+03:00,15.375,6570,36180,87,57.13,50,15990,17700,210,8910,33,50,78,96,90,70,100,95,2020-10-03,-0.03,-0.03,-0.08,31470,1.5625,708,3004,2,427,322,77,88.0,13476,84,81
5070,2020-10-04T14:20:30+03:00,2020-10-04T05:35:30+03:00,15.375,7650,31500,84,53.3,50,12300,14850,450,6480,35,60,70,98,81,81,87,75,2020-10-04,-0.25,-0.25,-0.09,26430,1.84375,1189,3509,1,407,320,171,89.0,24310,84,79
6480,2020-10-06T12:07:32+03:00,2020-10-06T03:38:32+03:00,15.125,9660,30540,79,50.43,47,10050,14280,1110,4350,31,71,65,100,74,89,58,66,2020-10-06,-0.19,-0.19,-0.09,24060,1.59375,647,2997,1,584,314,46,85.0,12955,81,85
4140,2020-10-07T11:50:38+03:00,2020-10-07T04:24:38+03:00,15.875,8670,26760,85,53.17,49,9570,12900,840,4380,30,55,65,100,83,97,58,61,2020-10-07,-0.3,-0.3,-0.17,22620,1.53125,529,2921,1,593,355,38,90.0,9543,73,82
4680,2020-10-08T13:00:32+03:00,2020-10-08T04:57:32+03:00,15.375,8430,28980,84,52.91,50,10350,13950,180,5520,38,58,64,99,81,67,74,67,2020-10-08,-0.29,-0.29,-0.2,24300,1.8125,1032,3415,1,469,327,137,96.0,21525,78,83
6360,2020-10-10T16:46:17+03:00,2020-10-10T06:45:17+03:00,15.0,9750,36060,82,54.39,51,13830,17100,240,6120,31,61,73,100,76,70,82,88,2020-10-10,0.19,0.19,-0.03,29700,1.5,572,2861,0,339,395,35,98.0,11071,83,85
3870,2020-10-11T14:01:01+03:00,2020-10-11T06:53:01+03:00,15.75,7380,25680,85,55.25,51,11070,12360,750,3360,33,51,62,97,83,94,45,58,2020-10-11,-0.14,-0.14,0.02,21810,1.875,1138,3539,0,422,429,144,99.0,22199,72,85
1500,2020-10-12T09:09:01+03:00,2020-10-12T04:51:01+03:00,15.5,6540,15480,90,55.54,52,5550,7530,360,1890,28,44,50,96,95,75,25,27,2020-10-12,-0.11,-0.11,0.0,13980,1.53125,521,2880,0,508,439,33,97.0,9636,59,71
4710,2020-10-13T14:25:01+03:00,2020-10-13T05:01:01+03:00,15.5,9390,33840,86,54.19,48,12960,16080,630,6780,34,57,76,100,86,89,91,86,2020-10-13,-0.08,-0.08,-0.04,29130,1.65625,859,3167,1,437,271,130,98.0,18066,74,77
8310,2020-10-14T14:31:59+03:00,2020-10-14T03:46:59+03:00,15.25,6630,38700,79,56.92,49,16680,18780,1470,7080,27,45,75,96,69,72,95,91,2020-10-14,0.42,0.42,0.17,30390,1.71875,917,3275,1,207,506,97,100.0,16271,73,69
2880,2020-10-15T10:51:59+03:00,2020-10-15T05:49:59+03:00,15.5,5880,18120,84,57.21,54,9060,9000,360,300,27,43,47,94,83,75,4,32,2020-10-15,-0.28,-0.28,0.1,15240,1.71875,777,3238,1,475,598,55,97.0,14802,62,64
3780,2020-10-16T11:59:59+03:00,2020-10-16T04:18:59+03:00,15.375,9570,27660,86,54.72,51,9330,13500,810,4980,25,51,68,100,88,97,67,65,2020-10-16,-0.27,-0.27,-0.07,23880,1.71875,870,3262,1,368,515,73,99.0,16463,68,64
1530,2020-10-17T07:11:59+03:00,2020-10-17T03:28:59+03:00,15.75,3810,13380,89,54.73,51,6930,6540,510,1110,33,52,46,60,95,83,15,22,2020-10-17,-0.17,-0.17,-0.17,11850,1.65625,678,3103,1,243,572,33,99.0,12579,56,62
4050,2020-10-19T11:58:59+03:00,2020-10-19T03:08:59+03:00,15.625,5730,31800,87,54.01,50,15360,14940,210,6660,35,54,73,92,90,70,89,80,2020-10-19,0.18,0.18,0.0,27750,1.65625,729,3127,2,392,468,70,99.0,13232,72,67
4710,2020-10-20T12:05:04+03:00,2020-10-20T03:17:04+03:00,15.875,8760,31680,85,52.82,50,12630,15570,720,5580,36,57,71,100,83,91,75,77,2020-10-20,-0.05,-0.05,0.07,26970,1.53125,560,2910,0,413,421,40,98.0,9681,75,68
2670,2020-10-21T08:01:00+03:00,2020-10-21T02:55:00+03:00,15.75,5520,18360,85,54.64,52,8220,8790,210,1950,29,47,52,88,86,70,26,34,2020-10-21,-0.11,-0.11,0.02,15690,1.625,668,3089,1,606,403,60,95.0,12538,59,72
3570,2020-10-22T12:02:00+03:00,2020-10-22T02:02:00+03:00,15.75,8610,36000,90,53.56,47,15990,17940,990,7830,33,53,83,99,95,94,97,97,2020-10-22,0.02,0.02,0.0,32430,1.625,725,3113,0,515,326,96,98.0,14809,79,73
3480,2020-10-23T11:47:00+03:00,2020-10-23T03:49:00+03:00,15.75,6210,28680,88,57.15,52,12870,14040,330,6120,32,48,68,95,90,75,82,71,2020-10-23,-0.07,-0.07,0.02,25200,1.46875,427,2794,0,585,373,17,95.0,7645,68,74
5550,2020-10-24T13:28:00+03:00,2020-10-24T04:17:00+03:00,15.125,7800,33060,83,53.93,49,14400,16140,1470,5310,33,56,70,98,79,72,71,80,2020-10-24,0.21,0.21,0.14,27510,1.5625,601,2959,1,441,395,52,98.0,10874,78,79
4920,2020-10-26T10:42:32+03:00,2020-10-26T03:27:32+03:00,15.375,9840,26100,81,51.83,47,7080,12390,540,4260,27,58,62,100,74,83,57,55,2020-10-26,-0.29,-0.29,0.05,21180,1.34375,207,2526,0,646,271,1,92.0,4040,71,85
4050,2020-10-27T11:43:32+03:00,2020-10-27T02:21:32+03:00,15.75,6390,33720,88,54.45,50,16470,16260,510,6810,30,47,77,96,90,83,92,88,2020-10-27,0.36,0.36,0.17,29670,1.40625,342,2688,0,587,331,17,88.0,6489,80,94
2040,2020-10-28T07:49:32+03:00,2020-10-28T03:07:32+03:00,15.625,6420,16920,88,53.37,49,6570,8460,930,1890,28,49,56,96,90,97,25,31,2020-10-28,-0.04,-0.04,0.17,14880,1.65625,654,3106,2,683,424,57,87.0,12529,64,100
5400,2020-10-29T11:10:32+03:00,2020-10-29T03:18:32+03:00,15.625,6510,28320,81,59.89,56,12270,13110,180,4140,37,37,61,96,74,67,55,62,2020-10-29,0.23,0.23,0.25,22920,1.25,157,2389,0,515,209,2,78.0,3168,59,97
4560,2020-10-30T08:06:11+03:00,2020-10-29T22:33:11+03:00,15.25,7230,34380,87,53.41,50,16950,17400,960,5640,36,47,85,97,88,97,75,88,2020-10-30,0.14,0.14,0.25,29820,1.375,217,2585,0,859,250,3,67.0,4173,84,96
2730,2020-10-31T13:30:57+03:00,2020-10-31T03:27:57+03:00,15.0,10110,36180,92,51.87,48,14400,17700,480,8940,31,51,83,100,98,81,100,100,2020-10-31,0.04,0.04,0.23,33450,1.53125,587,2902,0,334,417,41,70.0,10671,87,91
4680,2020-11-01T13:52:57+03:00,2020-11-01T03:26:57+03:00,15.375,7470,37560,88,52.45,48,17910,18270,810,7500,42,47,81,98,90,97,96,98,2020-11-01,-0.07,-0.07,0.13,32880,1.5,539,2861,0,433,387,32,71.0,10005,91,94
3030,2020-11-02T11:42:57+03:00,2020-11-02T05:02:57+03:00,15.75,6480,24000,87,52.59,48,10350,11280,180,4140,37,52,59,96,90,67,55,54,2020-11-02,-0.03,-0.03,0.08,20970,1.5625,497,2921,0,516,512,15,68.0,9826,74,97
5250,2020-11-03T12:49:57+03:00,2020-11-03T03:59:57+03:00,15.625,9360,31800,83,52.81,47,12870,14790,180,4320,31,50,67,100,81,67,58,76,2020-11-03,0.16,0.16,0.15,26550,0.84375,569,2585,0,282,146,105,80.0,16454,75,98
3840,2020-11-04T12:01:59+03:00,2020-11-04T03:11:59+03:00,15.875,8700,31800,88,55.09,50,14100,15630,720,5160,28,49,74,100,90,91,69,81,2020-11-04,0.47,0.47,0.36,27960,1.375,302,2622,0,580,303,10,71.0,5871,74,97
3900,2020-11-05T11:50:32+03:00,2020-11-05T04:11:32+03:00,16.0,8010,27540,86,53.71,49,10320,13650,1110,5310,25,50,68,98,86,89,71,65,2020-11-05,-0.34,-0.34,0.21,23640,1.4375,361,2718,0,535,384,8,71.0,6785,79,100
4050,2020-11-06T12:01:30+03:00,2020-11-06T03:50:30+03:00,15.375,5220,29460,86,53.39,48,13140,14760,1590,7050,32,52,68,83,86,67,95,71,2020-11-06,0.19,0.19,0.16,25410,1.5625,544,2942,1,443,487,22,76.0,10630,80,99
2190,2020-11-07T12:47:30+03:00,2020-11-07T05:03:30+03:00,16.25,6870,27840,92,56.86,52,13260,13860,270,5520,38,48,68,97,97,72,74,72,2020-11-07,0.13,0.13,0.18,25650,1.625,751,3084,3,417,341,91,86.0,14049,74,98
3960,2020-11-08T13:42:30+03:00,2020-11-08T04:39:30+03:00,15.5,8160,32580,88,54.29,52,13800,15570,210,6660,32,51,74,99,90,70,89,84,2020-11-08,-0.01,-0.01,0.21,28620,1.5625,659,2972,1,481,328,73,92.0,12333,82,94
3030,2020-11-09T12:07:30+03:00,2020-11-09T05:27:30+03:00,15.5,9780,24000,87,54.31,47,7080,11640,630,4110,28,60,63,100,90,89,55,54,2020-11-09,-0.02,-0.02,0.14,20970,1.4375,340,2721,0,655,369,12,84.0,6681,73,90
6540,2020-11-10T14:31:30+03:00,2020-11-10T04:37:30+03:00,15.625,9780,35640,82,54.26,49,12510,16080,180,6810,28,54,74,100,76,67,92,86,2020-11-10,-0.06,-0.06,0.1,29100,1.59375,723,3034,0,459,274,99,92.0,13695,83,93
3990,2020-11-18T14:12:48+03:00,2020-11-18T05:36:48+03:00,15.5,7890,30960,87,54.2,50,13080,14610,150,6000,31,48,70,98,88,67,80,77,2020-11-18,-0.1,-0.1,0.06,26970,1.5,486,2848,0,423,448,22,53.0,9011,75,0
2190,2020-11-19T12:15:34+03:00,2020-11-19T05:19:34+03:00,15.625,6270,24960,91,56.1,51,12390,12120,330,4110,32,44,63,96,96,75,55,61,2020-11-19,-0.1,-0.1,0.03,22770,1.5625,533,2928,1,501,396,42,61.0,9490,67,0
4950,2020-11-20T14:33:32+03:00,2020-11-20T04:57:32+03:00,15.5,6780,34560,86,55.03,50,14520,16290,990,8310,26,49,79,96,86,94,98,88,2020-11-20,0.28,0.28,0.18,29610,1.40625,333,2673,0,403,414,2,63.0,6394,82,0
4290,2020-11-22T15:29:35+03:00,2020-11-22T05:15:35+03:00,15.75,7980,36840,88,56.0,50,17610,18720,660,6960,29,51,81,98,90,89,93,98,2020-11-22,0.12,0.12,0.23,32550,1.46875,496,2792,2,465,308,43,78.0,8697,81,97
3090,2020-11-23T14:11:47+03:00,2020-11-23T06:50:47+03:00,14.875,6570,26460,88,51.75,48,12690,12870,180,4110,37,54,62,96,90,67,55,64,2020-11-23,-0.2,-0.2,0.18,23370,1.53125,556,2925,1,567,367,48,83.0,10529,73,100
5610,2020-11-24T14:31:43+03:00,2020-11-24T05:09:43+03:00,15.25,9060,33720,83,51.73,48,14100,15570,420,4950,26,64,72,100,79,78,67,82,2020-11-24,0.02,0.02,0.07,28110,1.5,612,2881,0,479,214,82,91.0,12385,81,97
8250,2020-11-25T15:15:48+03:00,2020-11-25T02:23:48+03:00,15.375,7470,46320,82,55.12,50,20130,22860,420,10470,23,50,80,98,76,78,100,100,2020-11-25,0.13,0.13,0.19,38070,1.40625,469,2708,2,309,348,25,94.0,7618,88,93
5310,2020-11-27T13:57:45+03:00,2020-11-27T01:25:45+03:00,15.75,12090,45120,88,54.1,51,16890,21750,930,10830,24,55,85,100,90,97,100,100,2020-11-27,0.28,0.28,0.32,39810,1.375,330,2654,0,467,367,5,88.0,6339,93,92
9930,2020-11-29T17:04:59+03:00,2020-11-29T06:05:59+03:00,15.0,4530,39540,75,62.11,57,17940,19050,660,7140,41,38,70,72,60,89,95,88,2020-11-29,1.12,1.12,0.7,29610,1.40625,401,2691,0,453,300,24,86.0,7049,47,99
2640,2020-11-30T20:10:30+03:00,2020-11-30T13:26:30+03:00,15.625,7110,24240,89,57.93,54,10320,12090,510,4170,43,42,61,97,93,83,56,57,2020-12-01,0.47,0.47,1.03,21600,1.59375,656,3014,1,648,262,85,,12073,62,100
2490,2020-12-02T12:28:50+03:00,2020-12-02T04:32:50+03:00,15.125,7230,28560,91,55.54,52,9540,14250,1230,9300,18,42,75,97,96,83,100,74,2020-12-02,0.19,0.19,0.65,26070,1.59375,689,3055,2,435,400,74,,13317,77,95
3810,2020-12-03T13:23:09+03:00,2020-12-03T04:38:09+03:00,14.875,4140,31500,88,50.28,45,17070,15780,1140,6480,28,53,71,65,90,89,87,80,2020-12-03,0.14,0.14,0.39,27690,1.46875,470,2797,0,593,254,47,,8623,78,0
5970,2020-12-04T17:11:33+03:00,2020-12-04T05:17:33+03:00,14.5,4590,42840,86,50.46,46,20310,20370,690,11970,35,55,80,73,90,91,100,100,2020-12-04,-0.07,-0.07,0.23,36870,1.46875,564,2820,0,367,221,76,86.0,11360,87,88
3120,2020-12-05T13:40:38+03:00,2020-12-05T05:16:38+03:00,14.875,6330,30240,90,50.77,45,13710,14940,660,7080,30,52,75,96,95,89,95,78,2020-12-05,0.13,0.13,0.22,27120,1.34375,251,2574,0,592,305,3,,4787,86,86
3630,2020-12-06T16:40:03+03:00,2020-12-06T05:06:03+03:00,15.25,6060,41640,91,48.3,46,23760,20580,180,8190,31,57,81,95,96,67,98,100,2020-12-06,-0.14,-0.14,0.15,38010,1.4375,505,2784,0,455,238,54,,9397,82,0
5610,2020-12-07T16:23:32+03:00,2020-12-07T06:13:32+03:00,15.0,4350,36600,85,52.99,48,18660,18630,630,7980,28,44,76,69,83,89,97,93,2020-12-07,-0.13,-0.13,0.08,30990,1.4375,442,2746,0,557,243,46,,8502,82,0
8100,2020-12-08T17:10:18+03:00,2020-12-08T05:57:18+03:00,14.875,7860,40380,80,51.58,46,16410,19500,870,8010,31,47,80,98,72,99,98,97,2020-12-08,0.3,0.3,0.2,32280,1.3125,262,2532,0,454,234,12,,4588,82,0
4710,2020-12-09T16:39:32+03:00,2020-12-09T06:40:32+03:00,15.125,6540,35940,87,51.37,46,15210,16890,300,9480,27,47,79,96,88,72,100,94,2020-12-09,-0.14,-0.14,0.2,31230,1.3125,258,2514,0,472,258,6,,4736,82,0
4410,2020-12-11T14:03:33+03:00,2020-12-11T05:24:33+03:00,15.25,6960,31140,86,53.71,49,12690,15180,1020,7080,25,46,75,97,86,94,95,77,2020-12-11,-0.04,-0.04,0.05,26730,1.625,689,3082,0,397,469,54,97.0,12526,82,98
7800,2020-12-12T16:32:33+03:00,2020-12-12T05:53:33+03:00,15.0,6990,38340,80,53.49,47,17580,17400,360,5970,29,47,74,97,72,75,80,91,2020-12-12,0.08,0.08,0.14,30540,1.625,747,3092,2,239,501,56,96.0,13932,81,93
3300,2020-12-13T14:01:33+03:00,2020-12-13T06:44:33+03:00,15.625,7020,26220,87,55.43,50,10650,13140,240,5250,28,44,65,97,90,70,71,62,2020-12-13,0.22,0.22,0.23,22920,1.625,688,3087,0,497,402,66,91.0,12223,77,87
7560,2020-12-14T15:59:33+03:00,2020-12-14T04:38:33+03:00,15.375,8280,40860,81,50.44,46,16710,18810,270,8310,35,59,79,99,74,72,98,100,2020-12-14,0.06,0.06,0.25,33300,1.4375,481,2777,0,407,297,47,88.0,8911,82,84
3510,2020-12-15T13:01:33+03:00,2020-12-15T06:09:33+03:00,15.625,6420,24720,86,52.62,50,9900,11790,750,4890,21,49,64,96,86,94,66,55,2020-12-15,-0.01,-0.01,0.18,21210,1.59375,595,3033,0,424,546,36,99.0,10906,81,85
2100,2020-12-16T08:31:33+03:00,2020-12-16T04:38:33+03:00,15.875,4080,13980,85,53.24,49,6330,6990,570,1470,37,50,43,64,83,86,20,22,2020-12-16,-0.24,-0.24,0.03,11880,1.5,495,2868,0,466,393,25,96.0,8812,76,84
5640,2020-12-17T14:17:15+03:00,2020-12-17T00:58:15+03:00,15.375,10560,47940,88,53.07,49,20040,23220,180,11700,27,49,82,100,90,67,100,100,2020-12-17,0.28,0.28,0.14,42300,1.59375,745,3072,1,414,300,96,97.0,14649,82,86
6000,2020-12-18T14:30:21+03:00,2020-12-18T04:49:21+03:00,15.875,4110,34860,83,56.16,52,18690,16920,180,6060,35,42,68,65,79,67,81,85,2020-12-18,-0.1,-0.1,0.15,28860,1.5,478,2864,0,394,443,27,93.0,8940,81,81
2970,2020-12-19T13:39:01+03:00,2020-12-19T07:21:01+03:00,15.75,7200,22680,87,57.11,51,7710,10920,240,4800,28,42,59,97,88,70,64,49,2020-12-19,-0.05,-0.05,0.12,19710,1.75,893,3333,1,362,603,69,94.0,16958,66,84
4560,2020-12-20T16:15:01+03:00,2020-12-20T04:50:01+03:00,15.625,5670,41100,89,61.58,54,20730,20460,420,10140,35,35,80,91,93,78,100,100,2020-12-20,0.06,0.06,0.1,36540,1.40625,411,2693,1,274,375,19,89.0,7502,73,77
5010,2020-12-21T14:07:29+03:00,2020-12-21T05:50:29+03:00,15.625,5790,29820,83,53.81,50,13590,13920,270,5430,35,48,65,93,79,72,73,69,2020-12-21,0.01,0.01,0.14,24810,1.53125,498,2884,3,447,468,18,85.0,9485,80,81
4950,2020-12-22T14:02:29+03:00,2020-12-22T05:53:29+03:00,15.625,8700,29340,83,54.85,49,10470,13800,930,5220,29,45,69,100,79,97,70,68,2020-12-22,0.04,0.04,0.15,24390,1.53125,472,2878,0,495,431,22,80.0,9031,81,82
7230,2020-12-23T15:08:29+03:00,2020-12-23T05:10:29+03:00,15.0,7020,35880,80,54.88,50,13620,16740,570,8010,32,46,74,97,74,86,98,84,2020-12-23,-0.04,-0.04,0.12,28650,1.46875,439,2787,0,411,413,8,78.0,8312,83,84
3870,2020-12-24T15:00:01+03:00,2020-12-24T08:33:01+03:00,15.625,6840,23220,83,53.56,49,9780,10980,570,2730,35,52,56,96,79,86,36,48,2020-12-24,0.03,0.03,0.12,19350,1.34375,180,2531,0,809,187,3,60.0,3566,73,86
4560,2020-12-25T16:55:01+03:00,2020-12-25T06:27:01+03:00,15.375,9930,37680,88,54.34,50,13650,18870,1110,9540,33,49,82,100,93,89,100,99,2020-12-25,0.08,0.08,0.16,33120,1.46875,527,2802,0,439,258,49,72.0,9589,87,93
3960,2020-12-26T16:31:03+03:00,2020-12-26T07:30:03+03:00,15.5,9120,32460,88,56.57,52,13290,16140,750,6090,34,43,75,100,90,94,82,83,2020-12-26,-0.04,-0.04,0.15,28500,1.59375,664,3040,0,451,394,58,75.0,12041,80,93
3180,2020-12-27T13:26:00+03:00,2020-12-27T07:48:00+03:00,16.375,8670,20280,84,54.78,50,6780,9510,180,1650,24,45,52,100,83,67,22,39,2020-12-27,-0.15,-0.15,0.07,17100,1.65625,697,3140,1,565,494,41,78.0,12892,66,90
8790,2020-12-28T15:52:00+03:00,2020-12-28T06:36:00+03:00,15.5,5910,33360,74,58.92,53,12930,16440,1470,5730,37,46,63,95,58,72,77,68,2020-12-28,0.13,0.13,0.11,24570,1.3125,255,2524,0,364,333,3,76.0,4757,67,86
2010,2020-12-31T04:41:31+03:00,2020-12-31T00:52:31+03:00,16.25,3600,13740,85,64.23,61,5970,7140,1800,2160,35,37,49,57,86,59,28,22,2020-12-31,0.45,0.45,0.51,11730,1.5625,580,2932,1,410,351,43,81.0,11383,31,98
4290,2021-01-01T19:09:31+03:00,2021-01-01T09:31:31+03:00,17.0,7620,34680,88,66.02,59,13500,17760,990,9270,25,44,81,98,90,94,100,91,2021-01-02,0.83,0.83,0.75,30390,1.71875,888,3284,1,423,476,99,82.0,16521,42,99
8040,2021-01-03T18:06:57+03:00,2021-01-03T03:06:57+03:00,16.0,9900,54000,85,54.36,48,25620,25320,30,10440,31,57,79,100,83,62,100,100,2021-01-03,0.14,0.14,0.64,45960,1.25,188,2406,0,375,208,3,77.0,3490,78,87
4230,2021-01-05T12:57:00+03:00,2021-01-05T05:26:00+03:00,15.5,7410,27060,84,54.17,50,11220,12630,300,4200,32,44,62,97,83,72,56,62,2021-01-05,-0.16,-0.16,0.19,22830,1.4375,330,2710,0,692,303,15,81.0,5948,69,74
2700,2021-01-06T09:41:24+03:00,2021-01-06T05:36:24+03:00,15.25,4710,14700,82,54.53,51,5700,6930,180,1590,30,40,42,75,76,67,21,22,2021-01-06,-0.23,-0.23,0.03,12000,1.75,822,3280,2,722,363,100,84.0,14752,66,81
4200,2021-01-07T18:01:13+03:00,2021-01-07T05:24:13+03:00,15.375,9480,45420,91,55.42,51,20880,22620,840,10860,34,43,84,100,96,97,100,100,2021-01-08,0.05,0.05,0.06,41220,1.4375,481,2748,0,389,269,36,93.0,9186,79,72
2640,2021-01-09T20:17:20+03:00,2021-01-09T15:05:20+03:00,15.25,3030,18720,86,58.65,53,9420,9240,570,3630,33,43,48,48,86,86,49,35,2021-01-10,0.42,0.42,0.31,16080,1.3125,292,2553,1,543,163,24,82.0,5279,60,77
4890,2021-01-10T21:01:33+03:00,2021-01-10T09:06:33+03:00,15.25,5310,42900,89,54.23,49,20550,20730,240,12150,31,45,80,85,93,70,100,100,2021-01-11,-0.01,-0.01,0.34,38010,1.4375,373,2705,1,665,280,17,80.0,7060,83,71
2550,2021-01-12T05:31:53+03:00,2021-01-11T23:36:53+03:00,15.125,4800,21300,88,56.57,54,10200,10410,510,3750,33,43,66,76,90,83,50,46,2021-01-12,0.02,0.02,0.26,18750,1.625,640,3045,0,748,311,70,85.0,11738,71,77
2670,2021-01-13T07:18:33+03:00,2021-01-13T00:10:33+03:00,15.75,6360,25680,90,56.31,51,13620,12660,180,3030,26,40,70,96,95,67,40,62,2021-01-13,0.33,0.33,0.31,23010,2.0625,1418,3870,2,397,449,169,93.0,25097,69,75
1740,2021-01-14T06:48:30+03:00,2021-01-14T02:45:30+03:00,15.5,2970,14580,88,61.71,55,7830,7290,630,2040,38,38,47,47,90,89,27,24,2021-01-14,0.55,0.55,0.52,12840,1.34375,307,2542,0,640,173,30,81.0,5870,46,59
5520,2021-01-15T07:10:37+03:00,2021-01-14T20:30:37+03:00,15.0,8010,38400,86,53.31,48,15990,19200,150,8880,30,52,89,98,86,67,100,98,2021-01-15,-0.03,-0.03,0.43,32880,1.59375,635,3019,2,515,395,46,95.0,11586,82,67
3270,2021-01-16T08:06:06+03:00,2021-01-15T22:55:06+03:00,15.0,9090,33060,90,54.14,49,14040,16560,360,6660,34,55,85,100,95,75,89,88,2021-01-16,0.02,0.02,0.25,29790,1.53125,603,2919,1,423,329,56,95.0,10177,82,67
4320,2021-01-17T08:27:31+03:00,2021-01-16T22:37:31+03:00,15.375,8160,35400,88,55.44,52,17250,17610,720,5670,45,49,84,99,90,91,76,93,2021-01-17,0.15,0.15,0.21,31080,1.6875,778,3175,0,507,401,79,96.0,13562,84,69
2670,2021-01-18T08:18:29+03:00,2021-01-18T00:46:29+03:00,15.125,7410,27120,90,54.18,50,10260,13230,270,6780,29,53,75,97,95,72,91,68,2021-01-18,-0.1,-0.1,0.17,24450,1.4375,412,2755,0,579,341,18,92.0,7543,78,66
2820,2021-01-19T08:06:28+03:00,2021-01-18T23:50:28+03:00,15.5,9390,29760,91,54.43,51,12120,14880,720,5430,26,45,81,100,96,91,73,77,2021-01-19,0.11,0.11,0.18,26940,1.5625,606,2981,0,474,382,56,96.0,10652,86,73
5550,2021-01-20T09:16:49+03:00,2021-01-19T23:24:49+03:00,15.5,8220,35520,84,54.97,51,15180,17430,480,6570,28,47,82,99,81,81,88,89,2021-01-20,-0.22,-0.22,0.08,29970,1.375,265,2591,0,562,295,14,89.0,5023,87,74
5820,2021-01-21T09:53:38+03:00,2021-01-20T23:50:38+03:00,15.5,7410,36180,84,54.57,51,15540,17250,540,7410,36,47,81,97,81,83,96,90,2021-01-21,-0.24,-0.24,-0.01,30360,1.5,494,2828,1,465,338,35,87.0,8442,90,82
5160,2021-01-22T08:20:42+03:00,2021-01-22T00:43:42+03:00,15.5,8220,27420,81,54.3,51,9480,12660,540,4560,24,41,69,99,74,83,61,59,2021-01-22,-0.44,-0.44,-0.17,22260,1.625,651,3087,4,607,423,53,85.0,11641,81,84
4200,2021-01-23T12:17:11+03:00,2021-01-23T02:35:11+03:00,15.25,8250,34920,88,53.5,49,12900,16620,330,9570,27,49,80,99,90,75,100,92,2021-01-23,-0.15,-0.15,-0.15,30720,1.5625,665,2994,0,497,366,69,87.0,12702,87,83
4860,2021-01-24T11:58:51+03:00,2021-01-24T05:17:51+03:00,15.625,5490,24060,80,62.31,56,11370,12210,510,2340,40,38,52,88,72,83,31,47,2021-01-24,0.21,0.21,0.06,19200,1.40625,453,2720,0,483,251,46,83.0,7985,57,81
4020,2021-01-25T09:00:22+03:00,2021-01-24T23:27:22+03:00,15.875,8880,34380,88,55.26,52,14070,16650,270,7410,28,47,84,100,90,72,96,90,2021-01-25,-0.2,-0.2,0.09,30360,1.6875,802,3203,3,457,496,56,92.0,14584,86,83
5220,2021-01-26T11:26:14+03:00,2021-01-26T02:05:14+03:00,15.625,7860,33660,84,53.93,49,16770,16440,270,3810,31,45,69,98,81,72,51,83,2021-01-26,-0.13,-0.13,0.03,28440,1.46875,528,2835,2,520,251,55,95.0,9062,80,78
5730,2021-01-28T11:17:27+03:00,2021-01-28T00:38:27+03:00,15.5,5550,38340,85,57.07,53,18690,18720,570,8370,36,43,81,89,83,86,98,98,2021-01-28,0.0,0.0,0.07,32610,1.53125,516,2898,0,535,378,20,96.0,9353,83,77
2880,2021-01-29T08:37:29+03:00,2021-01-29T02:37:29+03:00,15.125,5910,21600,87,53.31,49,10080,10650,330,2730,32,46,57,95,88,75,36,46,2021-01-29,-0.28,-0.28,-0.03,18720,1.65625,708,3118,1,516,377,68,96.0,12483,71,79
4050,2021-01-30T13:23:31+03:00,2021-01-30T02:21:31+03:00,15.375,9240,39720,90,53.57,50,18210,19530,660,8220,35,49,82,100,95,89,98,100,2021-01-30,-0.17,-0.17,-0.07,35670,1.78125,1017,3411,3,264,498,112,99.0,17738,89,78
3330,2021-01-31T13:41:51+03:00,2021-01-31T04:29:51+03:00,15.125,6690,33120,90,70.02,60,16440,16320,450,6660,34,26,77,96,95,81,89,88,2021-01-31,0.43,0.43,0.15,29790,1.46875,526,2803,0,529,246,55,94.0,9071,53,71
1920,2021-02-01T07:01:30+03:00,2021-02-01T02:39:30+03:00,15.875,3840,15720,88,54.57,50,9030,8100,1050,930,29,48,51,60,90,91,13,27,2021-02-01,0.13,0.13,0.3,13800,1.65625,715,3134,0,508,441,68,92.0,11689,71,72
4650,2021-02-02T07:21:26+03:00,2021-02-02T00:57:26+03:00,15.75,7170,23040,80,53.2,50,8910,11760,240,2310,32,49,59,97,72,70,31,44,2021-02-02,-0.09,-0.09,0.22,18390,1.46875,448,2799,2,576,293,33,90.0,7536,63,71
5940,2021-02-03T10:51:09+03:00,2021-02-03T00:47:09+03:00,15.625,9450,36240,84,53.45,50,14970,18120,750,5880,26,50,80,100,81,94,79,90,2021-02-03,0.08,0.08,0.14,30300,1.65625,810,3142,0,525,280,112,97.0,15645,81,75
2310,2021-02-04T07:42:01+03:00,2021-02-04T02:13:01+03:00,15.5,6810,19740,88,56.14,52,9180,9300,180,1440,33,46,57,96,93,67,19,41,2021-02-04,-0.02,-0.02,0.12,17430,1.46875,452,2778,1,697,219,45,91.0,7863,61,72
3000,2021-02-05T08:52:02+03:00,2021-02-05T00:33:02+03:00,15.75,8280,29940,90,54.65,49,11790,14490,300,6870,33,47,78,99,95,72,93,77,2021-02-05,0.01,0.01,0.13,26940,1.59375,607,3027,1,548,436,38,96.0,11322,72,76
4050,2021-02-06T13:21:36+03:00,2021-02-06T01:45:36+03:00,15.25,9600,41760,90,52.1,48,18000,20100,180,10110,34,54,81,100,95,67,100,100,2021-02-06,-0.1,-0.1,0.08,37710,1.28125,360,2515,1,203,196,28,100.0,5992,84,77
3480,2021-02-07T08:37:38+03:00,2021-02-06T22:52:38+03:00,15.625,7170,35100,90,53.3,49,16860,17520,960,7590,30,50,91,97,95,97,96,95,2021-02-07,0.13,0.13,0.13,31620,1.71875,882,3247,2,507,337,100,97.0,14195,89,83
6570,2021-02-08T09:50:43+03:00,2021-02-08T01:23:43+03:00,15.5,6240,30420,78,53.18,47,16350,15120,870,1260,40,56,62,95,69,99,16,65,2021-02-08,-0.16,-0.16,0.08,23850,1.6875,843,3204,9,328,416,78,100.0,13534,74,77
2910,2021-02-09T09:11:10+03:00,2021-02-09T01:39:10+03:00,15.0,7200,27120,89,51.13,47,9480,13080,330,7530,29,54,73,97,93,75,96,67,2021-02-09,-0.25,-0.25,-0.02,24210,1.78125,1015,3397,8,360,446,111,99.0,17521,81,74
5490,2021-02-10T09:40:49+03:00,2021-02-10T01:54:49+03:00,15.25,8400,27960,80,49.97,46,10680,13170,1020,3390,28,57,65,99,72,94,45,60,2021-02-10,-0.21,-0.21,-0.1,22470,1.8125,1048,3441,1,473,348,147,94.0,18996,71,68
2490,2021-02-11T09:40:29+03:00,2021-02-11T02:28:29+03:00,15.5,7620,25920,90,54.8,51,11010,12720,210,4800,33,50,66,98,96,70,64,64,2021-02-11,-0.17,-0.17,-0.1,23430,1.8125,1069,3453,5,418,393,123,92.0,16793,67,61
5400,2021-02-12T11:06:33+03:00,2021-02-12T02:32:33+03:00,15.125,9510,30840,82,52.99,50,12270,14880,870,3660,23,53,69,100,76,99,49,71,2021-02-12,-0.24,-0.24,-0.11,25440,1.6875,805,3186,3,483,361,86,89.0,13551,76,56
6000,2021-02-13T12:31:32+03:00,2021-02-13T05:21:32+03:00,15.875,5400,25800,77,56.0,51,10620,10950,210,3780,35,45,54,86,65,70,50,50,2021-02-13,-0.22,-0.22,-0.13,19800,1.6875,897,3218,7,397,318,93,78.0,13975,64,56
6000,2021-02-14T13:14:52+03:00,2021-02-14T02:21:52+03:00,15.5,7980,39180,85,51.05,46,17130,18450,420,8070,36,62,80,98,83,78,98,99,2021-02-14,0.11,0.11,0.0,33180,1.65625,777,3130,1,356,436,65,77.0,13659,82,56
4020,2021-02-15T12:02:32+03:00,2021-02-15T04:31:32+03:00,15.625,6540,27060,85,52.26,48,14520,13140,330,1980,42,52,58,96,83,75,26,62,2021-02-15,-0.26,-0.26,-0.02,23040,1.40625,333,2679,0,524,345,7,81.0,6325,73,57
6390,2021-02-16T10:35:32+03:00,2021-02-16T01:47:32+03:00,15.5,10020,31680,80,49.71,47,9660,15270,990,5610,23,56,71,100,72,94,75,71,2021-02-16,-0.09,-0.09,-0.04,25290,1.59375,688,3024,1,351,428,58,99.0,11582,81,67
5370,2021-02-18T11:48:33+03:00,2021-02-18T03:16:33+03:00,15.25,6600,30720,83,52.42,48,12960,14370,630,5790,30,53,69,96,79,89,78,71,2021-02-18,-0.1,-0.1,-0.02,25350,1.5625,605,2955,0,563,288,53,96.0,11423,80,73
5430,2021-02-19T12:27:02+03:00,2021-02-19T02:48:02+03:00,15.5,9750,34740,84,53.24,48,13470,16470,600,6090,26,53,76,100,81,86,82,86,2021-02-19,-0.1,-0.1,-0.03,29310,1.65625,851,3173,1,389,324,103,99.0,15074,83,74
5580,2021-02-20T13:03:32+03:00,2021-02-20T02:03:32+03:00,15.375,7410,39600,86,53.65,48,18720,19380,810,7890,42,53,81,97,86,97,97,100,2021-02-20,-0.24,-0.24,-0.08,34020,1.40625,393,2694,0,419,342,21,96.0,6773,87,72
3660,2021-02-21T08:34:33+03:00,2021-02-21T02:03:33+03:00,15.875,6090,23460,84,55.88,52,10890,11340,1500,2820,30,41,58,95,83,72,37,50,2021-02-21,-0.08,-0.08,-0.08,19800,1.6875,874,3223,2,376,406,83,98.0,14706,67,78
6060,2021-02-22T12:12:16+03:00,2021-02-22T00:13:16+03:00,15.625,6810,43140,86,54.35,51,21600,21090,930,8670,29,48,85,96,86,97,99,100,2021-02-22,-0.13,-0.13,-0.05,37080,1.5,549,2887,2,405,319,53,97.0,10163,89,74
6600,2021-02-23T10:53:12+03:00,2021-02-23T02:29:12+03:00,15.625,6600,30240,78,52.62,48,14220,13740,450,2820,34,54,62,96,67,81,37,65,2021-02-23,0.06,0.06,0.05,23640,1.46875,398,2770,0,558,359,17,90.0,7482,82,78
4500,2021-02-24T11:32:29+03:00,2021-02-24T03:12:29+03:00,15.75,9240,30000,85,55.19,51,12930,14070,360,3330,34,50,66,100,83,75,45,72,2021-02-24,0.2,0.2,0.18,25500,1.46875,490,2803,0,539,257,46,86.0,9978,79,83
2010,2021-02-25T08:21:29+03:00,2021-02-25T02:37:29+03:00,14.375,8130,20640,90,61.07,58,7650,10500,1140,2850,34,38,60,99,96,89,38,45,2021-02-25,0.23,0.23,0.3,18630,1.5625,637,2977,0,650,301,69,84.0,11657,57,86
5250,2021-02-26T11:41:29+03:00,2021-02-26T02:43:29+03:00,14.0,5040,32280,84,59.2,53,15930,15660,780,6060,31,39,71,80,83,94,81,78,2021-02-26,0.54,0.54,0.47,27030,1.40625,338,2689,0,530,351,16,86.0,5939,65,85
3390,2021-02-27T13:31:05+03:00,2021-02-27T02:25:05+03:00,14.75,6840,39960,92,55.87,52,19920,20190,900,9810,31,44,84,96,97,99,100,100,2021-02-27,0.13,0.13,0.44,36570,1.65625,793,3139,7,277,481,52,89.0,13454,83,90
5130,2021-02-28T14:24:29+03:00,2021-02-28T06:10:29+03:00,14.625,4560,29640,83,53.29,48,14040,14190,1380,5910,32,45,65,72,79,78,80,68,2021-02-28,0.12,0.12,0.34,24510,1.40625,430,2694,1,426,301,27,84.0,6976,80,86
6090,2021-03-01T12:22:02+03:00,2021-03-01T02:25:02+03:00,14.625,6420,35820,83,54.29,50,15270,17310,960,8040,27,44,79,96,79,97,98,88,2021-03-01,0.1,0.1,0.25,29730,1.46875,441,2795,0,476,334,28,82.0,7539,87,89
2100,2021-03-02T07:41:02+03:00,2021-03-02T02:17:02+03:00,14.875,4200,19440,89,60.29,54,10440,9630,690,2700,32,36,56,66,93,91,36,40,2021-03-02,0.0,0.0,0.2,17340,1.6875,723,3153,1,590,454,50,85.0,12419,61,91
4050,2021-03-03T10:13:02+03:00,2021-03-03T02:06:02+03:00,15.625,5880,29220,86,54.11,51,13710,13710,450,5580,28,45,71,94,86,81,75,71,2021-03-03,-0.13,-0.13,0.11,25170,1.6875,776,3175,1,534,431,76,91.0,13937,78,87
7020,2021-03-04T11:46:07+01:00,2021-03-04T01:11:07+01:00,15.625,6450,38100,82,56.49,51,17490,18750,1080,7140,36,50,79,96,76,91,95,93,2021-03-04,0.2,0.2,0.17,31080,1.40625,367,2692,0,550,270,29,85.0,6591,78,83
3750,2021-03-05T10:01:42+01:00,2021-03-05T03:06:42+01:00,16.125,5910,24900,85,56.69,53,11580,12270,690,3660,41,50,61,95,83,91,49,55,2021-03-05,-0.03,-0.03,0.18,21150,1.53125,497,2902,0,624,403,26,89.0,9511,68,87
5010,2021-03-06T13:05:02+01:00,2021-03-06T04:58:02+01:00,15.625,7620,29220,83,59.87,55,10830,14610,1080,5760,39,46,67,98,79,91,77,67,2021-03-06,0.2,0.2,0.25,24210,1.75,1009,3347,1,484,313,146,92.0,21314,68,88
2580,2021-03-07T10:39:26+01:00,2021-03-07T04:13:26+01:00,15.5,4350,23160,89,54.24,49,12750,11340,510,3480,34,50,57,69,93,83,46,53,2021-03-07,-0.3,-0.3,0.1,20580,1.875,1309,3611,0,272,252,220,99.0,28522,67,79
8160,2021-03-08T13:04:57+01:00,2021-03-08T00:33:57+01:00,15.875,7440,45060,82,56.15,52,20760,21600,600,8700,30,47,82,97,76,86,99,100,2021-03-08,0.25,0.25,0.17,36900,1.75,1043,3343,0,344,302,152,99.0,20871,82,67
6990,2021-03-09T12:25:03+01:00,2021-03-09T02:14:03+01:00,16.125,7710,36660,81,57.22,52,17490,17010,390,4470,39,46,71,98,74,78,60,88,2021-03-09,-0.08,-0.08,0.15,29670,1.5625,617,2968,2,334,454,41,96.0,10975,76,60
5340,2021-03-10T09:55:53+01:00,2021-03-10T02:09:53+01:00,15.75,5760,27960,81,55.44,52,12000,13830,270,4860,31,48,63,92,74,72,65,61,2021-03-10,-0.04,-0.04,0.14,22620,1.625,683,3091,0,463,453,65,98.0,12667,73,62
4320,2021-03-11T10:01:24+01:00,2021-03-11T02:12:24+01:00,15.625,8370,28140,85,53.88,50,10140,13470,270,5310,31,57,66,99,83,72,71,65,2021-03-11,-0.26,-0.26,0.0,23820,1.53125,478,2911,0,433,584,9,99.0,9013,78,63
3750,2021-03-12T10:01:32+01:00,2021-03-12T02:39:32+01:00,15.5,8790,26520,86,53.36,50,8550,12540,540,5430,30,57,68,100,86,83,73,61,2021-03-12,0.02,0.02,0.03,22770,1.75,814,3288,2,416,601,61,99.0,14989,78,70
5370,2021-03-15T12:32:36+03:00,2021-03-14T22:08:36+03:00,15.375,7920,51840,90,56.18,51,29310,24780,540,9240,28,49,84,99,95,83,100,100,2021-03-15,0.13,0.13,0.23,46470,1.6875,838,3216,1,366,463,92,98.0,15242,91,80
4320,2021-03-16T12:25:07+03:00,2021-03-16T03:49:07+03:00,15.5,8670,30960,86,52.9,49,12480,15150,210,5490,29,57,70,100,86,70,74,76,2021-03-16,-0.29,-0.29,0.06,26640,1.46875,413,2797,0,345,484,2,93.0,7911,86,78
5550,2021-03-17T13:06:32+03:00,2021-03-17T04:04:32+03:00,15.125,4950,32520,83,54.19,49,18030,15720,1320,3990,35,50,65,79,79,81,53,77,2021-03-17,0.03,0.03,0.05,26970,1.5,483,2860,0,376,475,30,88.0,9297,86,84
3090,2021-03-18T11:56:32+03:00,2021-03-18T03:41:32+03:00,15.625,8490,29700,90,53.8,48,13170,14310,600,4950,31,47,72,99,95,86,67,76,2021-03-18,-0.21,-0.21,0.0,26610,1.46875,408,2770,0,443,425,10,86.0,7550,90,87
4800,2021-03-19T12:41:06+03:00,2021-03-19T02:42:06+03:00,15.625,7950,35940,87,54.13,48,14580,17220,960,8610,22,51,82,98,88,97,99,93,2021-03-19,0.27,0.27,0.16,31140,1.4375,410,2725,1,459,419,12,77.0,7817,94,91
2250,2021-03-20T08:50:29+03:00,2021-03-20T03:28:29+03:00,15.5,8430,19320,88,55.91,49,5970,10200,1590,2670,25,42,57,99,93,67,36,39,2021-03-20,0.13,0.13,0.25,17070,1.46875,443,2750,0,581,313,30,63.0,7748,71,94
3090,2021-03-21T14:03:29+03:00,2021-03-21T02:32:29+03:00,15.375,6990,41460,93,53.16,48,22440,20310,180,8940,33,51,81,97,98,67,100,100,2021-03-21,-0.18,-0.18,0.17,38370,1.53125,614,2926,3,383,412,35,71.0,11189,92,95
2400,2021-03-22T11:32:29+03:00,2021-03-22T04:38:29+03:00,15.125,5490,24840,90,55.1,52,12060,12420,1020,4890,28,44,66,88,95,94,66,60,2021-03-22,-0.13,-0.13,0.03,22440,1.40625,347,2698,0,499,365,9,57.0,6532,78,93
2580,2021-03-23T07:20:40+03:00,2021-03-23T01:06:40+03:00,15.5,5790,22440,89,52.31,50,10620,10950,270,3450,17,43,65,93,93,72,46,50,2021-03-23,-0.27,-0.27,-0.06,19860,1.78125,879,3383,1,486,550,76,72.0,16395,79,97
4920,2021-03-24T11:16:30+03:00,2021-03-24T01:38:30+03:00,15.375,9240,34680,86,51.92,47,14670,16320,180,5850,34,53,75,100,86,67,79,88,2021-03-24,0.21,0.21,0.08,29760,1.46875,419,2774,0,468,380,20,72.0,7714,85,90
2460,2021-03-25T06:21:30+03:00,2021-03-25T01:47:30+03:00,15.875,5370,16440,85,53.77,49,7350,8100,1260,1260,26,51,53,86,83,83,16,27,2021-03-25,0.1,0.1,0.2,13980,1.6875,690,3157,0,567,473,61,78.0,13020,67,92
5220,2021-03-27T13:14:32+03:00,2021-03-27T03:15:32+03:00,15.125,6780,35940,85,55.66,51,20100,18180,870,3840,41,48,74,96,86,99,51,92,2021-03-27,0.14,0.14,0.26,30720,1.5625,661,2986,0,312,447,45,93.0,12122,80,86
3690,2021-03-28T13:39:32+03:00,2021-03-28T04:08:32+03:00,15.5,5610,34260,89,53.7,50,17400,17010,930,7560,36,49,79,90,93,97,96,91,2021-03-28,-0.26,-0.26,0.07,30570,1.53125,589,2904,1,415,400,31,89.0,10969,87,84
6390,2021-03-29T13:34:32+03:00,2021-03-29T03:35:32+03:00,15.125,7770,35940,82,53.03,47,15780,17220,1050,6000,31,49,75,98,79,91,80,87,2021-03-29,-0.19,-0.19,-0.02,29550,1.71875,901,3281,1,342,436,87,91.0,17051,85,83
3870,2021-03-30T11:10:32+03:00,2021-03-30T04:02:32+03:00,15.0,7560,25680,85,54.81,50,10680,13140,2160,3570,27,44,58,98,83,43,48,58,2021-03-30,0.0,0.0,0.0,21810,1.4375,377,2706,2,640,270,21,83.0,6330,69,77
6300,2021-04-01T12:32:59+03:00,2021-04-01T01:59:59+03:00,15.5,9990,37980,83,53.15,48,15360,18030,570,6330,30,51,79,100,81,86,85,95,2021-04-01,0.1,0.1,0.19,31680,1.09375,539,2836,0,354,374,36,90.0,19118,85,85
3150,2021-04-02T09:42:03+03:00,2021-04-02T02:27:03+03:00,15.25,8220,26100,88,51.73,47,9960,12390,150,4770,24,50,66,99,90,67,64,62,2021-04-02,-0.1,-0.1,0.12,22950,1.75,792,3268,2,551,473,66,88.0,13789,81,85
3030,2021-04-03T10:11:33+03:00,2021-04-03T03:58:33+03:00,15.125,7110,22380,86,54.96,50,9870,11040,450,2370,35,50,56,97,88,81,32,48,2021-04-03,-0.38,-0.38,-0.05,19350,1.625,759,3098,0,551,270,111,89.0,14892,68,81
4800,2021-04-04T11:58:33+03:00,2021-04-04T01:30:33+03:00,15.375,6660,37680,87,54.4,49,18570,18810,930,7650,31,49,83,96,90,97,97,98,2021-04-04,0.07,0.07,-0.02,32880,1.71875,893,3284,1,494,340,105,96.0,14043,85,79
2160,2021-04-05T12:31:37+03:00,2021-04-05T06:05:37+03:00,15.25,8070,23160,91,53.58,48,9090,11280,120,3840,34,58,59,99,96,64,51,54,2021-04-05,0.22,0.22,0.15,21000,1.46875,384,2792,0,727,290,25,81.0,6680,73,74
2880,2021-04-06T12:44:59+03:00,2021-04-06T06:15:59+03:00,15.375,9090,23340,88,54.01,50,7920,11400,540,3450,37,55,62,100,90,83,46,52,2021-04-06,-0.21,-0.21,0.13,20460,1.5625,670,2978,4,354,378,63,94.0,11079,71,79
6240,2021-04-07T11:36:11+03:00,2021-04-06T23:58:11+03:00,15.75,5610,41880,85,53.05,46,22740,20970,360,7290,29,49,81,90,83,75,96,100,2021-04-07,0.43,0.43,0.25,35640,1.46875,550,2830,0,323,323,43,98.0,9919,81,78
7560,2021-04-08T11:31:32+03:00,2021-04-08T02:07:32+03:00,15.625,4110,33840,78,51.93,47,14910,17610,870,7260,29,55,70,65,67,99,95,75,2021-04-08,-0.26,-0.26,0.14,26280,1.75,922,3345,1,325,545,79,100.0,15121,83,81
5520,2021-04-09T12:21:32+03:00,2021-04-09T03:14:32+03:00,15.25,7560,32820,83,51.69,47,13860,16470,1080,5880,36,56,71,98,79,91,79,79,2021-04-09,0.05,0.05,0.12,27300,1.625,711,3070,0,315,395,73,100.0,12522,82,76
4500,2021-04-10T13:48:02+03:00,2021-04-10T04:36:02+03:00,15.25,10560,33120,86,51.9,47,12060,16230,960,6000,32,56,76,100,88,97,80,84,2021-04-10,-0.05,-0.05,0.07,28620,1.5,621,2871,1,223,279,70,98.0,10753,85,77
2610,2021-04-11T12:36:02+03:00,2021-04-11T05:14:02+03:00,15.0,8490,26520,90,51.72,48,11760,12810,300,3660,30,49,65,99,95,72,49,66,2021-04-11,0.09,0.09,0.15,23910,1.53125,581,2880,5,356,357,43,95.0,9880,81,80
5010,2021-04-12T12:17:44+03:00,2021-04-12T03:58:44+03:00,15.5,8310,29940,83,52.45,48,14700,14130,180,1920,35,55,61,99,79,67,25,70,2021-04-12,0.04,0.04,0.16,24930,1.53125,604,2939,1,354,379,58,93.0,10711,80,82
4230,2021-04-13T09:40:28+03:00,2021-04-13T02:34:28+03:00,15.625,7830,25560,83,51.02,47,10500,12450,1020,3000,34,59,62,98,81,94,40,56,2021-04-13,0.09,0.09,0.19,21330,1.46875,417,2774,1,475,365,22,87.0,7622,76,83
5490,2021-04-14T11:07:33+03:00,2021-04-14T01:26:33+03:00,15.5,8010,34860,84,50.25,45,14280,16770,450,7080,27,60,78,98,81,81,95,87,2021-04-14,0.09,0.09,0.2,29370,1.40625,382,2688,0,599,281,22,89.0,6823,87,87
4890,2021-04-15T10:25:28+03:00,2021-04-15T02:08:28+03:00,16.0,6450,29820,84,58.48,50,12870,14730,1260,5610,29,45,70,96,81,83,75,70,2021-04-15,0.28,0.28,0.29,24930,1.59375,655,3033,0,549,388,62,90.0,11458,70,90
1950,2021-04-16T09:40:28+03:00,2021-04-16T03:21:28+03:00,15.75,8040,22740,91,53.98,51,8280,11100,540,4470,24,47,66,98,97,83,60,54,2021-04-16,0.07,0.07,0.29,20790,1.5,464,2859,0,616,364,28,84.0,8387,72,88
5310,2021-04-17T13:02:29+03:00,2021-04-17T02:40:29+03:00,15.625,8850,37320,86,55.9,50,14040,17370,240,9120,27,46,80,100,86,70,100,96,2021-04-17,-0.14,-0.14,0.16,32010,2.0,1452,3810,2,135,483,183,94.0,24872,83,90
3570,2021-04-18T13:04:31+03:00,2021-04-18T05:01:31+03:00,15.125,7980,28980,88,55.1,50,11100,14490,1200,6330,32,48,70,98,90,86,85,71,2021-04-18,0.03,0.03,0.1,25410,1.65625,860,3164,2,303,344,98,94.0,16785,74,75
3330,2021-04-19T09:43:10+03:00,2021-04-19T03:42:10+03:00,14.875,4800,21660,85,53.96,50,10320,10830,1110,3210,28,44,56,76,83,89,43,44,2021-04-19,0.01,0.01,0.12,18330,1.5,440,2832,0,638,341,24,88.0,7599,65,71
3990,2021-04-20T09:41:50+03:00,2021-04-20T02:30:50+03:00,15.5,5370,25860,85,52.13,47,11850,13350,1710,4650,26,50,62,86,83,62,62,58,2021-04-20,0.16,0.16,0.21,21870,1.53125,562,2923,0,502,404,40,95.0,10057,69,75
2490,2021-04-21T09:42:30+03:00,2021-04-21T01:17:30+03:00,15.125,6600,30300,92,51.53,48,14430,15600,1110,6780,29,54,79,96,97,89,91,81,2021-04-21,-0.13,-0.13,0.15,27810,1.53125,489,2879,1,624,341,38,93.0,8762,78,76
4980,2021-04-22T10:41:30+03:00,2021-04-22T02:15:30+03:00,15.75,4830,30360,84,56.49,51,15630,15450,840,4920,35,42,68,77,81,97,66,71,2021-04-22,-0.21,-0.21,0.03,25380,1.375,335,2619,1,436,270,25,89.0,6174,68,78
3570,2021-04-24T10:20:28+03:00,2021-04-24T03:40:28+03:00,15.375,6540,24000,85,53.54,49,10200,11850,840,3690,34,52,62,96,83,97,49,52,2021-04-24,-0.15,-0.15,-0.04,20430,1.78125,925,3366,0,367,627,53,93.0,17100,71,88
1080,2021-04-25T09:04:28+03:00,2021-04-25T03:45:28+03:00,16.0,3780,19140,94,67.9,62,12180,9510,330,2100,20,33,54,60,100,75,27,43,2021-04-25,-0.11,-0.11,0.0,18060,1.4375,450,2731,0,498,356,24,88.0,8499,44,80
3540,2021-04-26T10:18:22+03:00,2021-04-25T23:55:22+03:00,15.625,8100,37380,91,50.82,47,17790,18240,330,7950,30,65,86,99,96,75,97,100,2021-04-26,0.29,0.29,0.17,33840,1.65625,751,3129,0,313,538,42,91.0,13840,85,82
4530,2021-04-27T12:06:32+03:00,2021-04-27T03:34:32+03:00,15.625,6870,30720,85,53.77,50,14310,14940,960,5010,34,59,70,97,83,97,67,74,2021-04-27,0.22,0.22,0.31,26190,1.6875,887,3216,1,301,453,85,93.0,16584,79,79
3750,2021-04-28T11:05:32+03:00,2021-04-28T02:58:32+03:00,15.375,8730,29220,87,53.03,48,12960,14550,1020,3780,33,58,69,100,88,94,50,72,2021-04-28,0.07,0.07,0.31,25470,1.46875,577,2833,0,466,293,51,95.0,11432,75,74
3360,2021-05-01T13:01:31+03:00,2021-05-01T05:07:31+03:00,15.375,5160,28440,88,57.42,52,14250,13800,180,5670,32,41,65,82,90,67,76,70,2021-05-01,0.19,0.19,0.29,25080,1.6875,792,3192,0,441,456,70,89.0,15806,70,78
3930,2021-05-02T13:49:31+03:00,2021-05-02T06:20:31+03:00,15.5,8640,26940,85,53.11,50,10860,13140,1050,3510,31,51,64,99,86,91,47,62,2021-05-02,0.0,0.0,0.24,23010,1.28125,243,2454,0,576,225,9,81.0,4684,75,74
2760,2021-05-03T11:20:01+03:00,2021-05-03T02:25:01+03:00,15.75,8760,32100,91,50.92,48,13860,15630,150,6720,28,68,77,100,97,67,90,86,2021-05-03,0.16,0.16,0.25,29340,1.46875,595,2833,1,195,316,55,98.0,10292,86,82
2700,2021-05-04T10:04:33+03:00,2021-05-04T01:28:33+03:00,15.75,9330,30960,91,55.03,50,13560,15720,960,5370,29,49,78,100,96,97,72,82,2021-05-04,0.11,0.11,0.26,28260,1.8125,1091,3472,2,247,545,112,98.0,20757,82,84
4020,2021-05-05T09:44:10+03:00,2021-05-05T01:32:10+03:00,15.125,6870,29520,86,54.52,50,13020,14220,390,5610,31,50,71,97,86,78,75,72,2021-05-05,-0.37,-0.37,0.07,25500,2.21875,1780,4193,4,153,539,225,98.0,34109,75,75
2940,2021-05-06T06:57:17+03:00,2021-05-06T01:17:17+03:00,14.5,4710,20400,86,62.57,56,10170,10470,1020,2580,29,44,59,75,86,94,34,41,2021-05-06,0.26,0.26,0.12,17460,1.59375,635,3009,0,452,470,41,93.0,12188,49,53
5070,2021-05-07T10:00:34+03:00,2021-05-06T22:47:34+03:00,15.375,11130,40380,87,48.66,46,17460,19800,720,6720,28,87,88,100,90,91,90,100,2021-05-07,0.21,0.21,0.27,35310,1.71875,797,3221,0,449,512,58,91.0,14607,87,53
5220,2021-05-08T14:49:31+03:00,2021-05-08T04:49:31+03:00,15.375,8280,36000,86,53.83,49,15480,17910,1080,7020,32,56,79,99,86,91,94,92,2021-05-08,0.18,0.18,0.37,30780,1.5,557,2858,0,290,472,26,90.0,10190,83,53
4860,2021-05-09T12:46:31+03:00,2021-05-09T02:56:31+03:00,15.5,8790,35400,86,49.3,44,16770,17430,810,4980,37,73,76,100,86,97,67,91,2021-05-09,0.03,0.03,0.29,30540,1.84375,1172,3508,0,338,350,158,99.0,24723,86,57
4410,2021-05-10T13:41:31+03:00,2021-05-10T03:44:31+03:00,14.5,5280,35820,88,56.51,50,18270,17310,270,7860,35,52,77,84,90,72,97,95,2021-05-10,0.03,0.03,0.22,31410,1.8125,1112,3434,0,292,359,156,100.0,23553,79,51
5280,2021-05-11T13:19:00+03:00,2021-05-11T03:23:00+03:00,13.75,6870,35760,85,57.26,51,17940,17280,480,5670,28,52,76,97,83,81,76,91,2021-05-11,-0.14,-0.14,0.13,30480,1.6875,906,3228,0,356,384,95,98.0,18099,76,46
4530,2021-05-12T09:00:14+03:00,2021-05-12T03:14:14+03:00,14.625,4620,20760,78,57.11,51,10740,9210,600,870,28,55,49,73,67,86,12,36,2021-05-12,-0.16,-0.16,0.05,16230,1.9375,1331,3712,0,299,420,183,96.0,29531,65,45
5430,2021-05-13T09:34:42+03:00,2021-05-12T23:46:42+03:00,15.375,7980,35280,85,54.3,49,16890,17250,210,4980,28,64,78,98,83,70,67,89,2021-05-13,0.2,0.2,0.15,29850,1.59375,615,2996,0,436,454,44,92.0,11236,78,37
3480,2021-05-14T09:12:11+03:00,2021-05-14T01:54:11+03:00,15.25,7050,26280,87,50.64,47,12060,12900,150,3690,33,67,64,97,88,67,49,61,2021-05-14,-0.42,-0.42,0.04,22800,1.84375,1026,3459,3,499,498,101,89.0,19711,77,43
4350,2021-05-15T12:09:01+03:00,2021-05-15T03:31:01+03:00,15.375,6900,31080,86,54.38,50,15210,14790,330,4620,31,59,69,97,86,75,62,77,2021-05-15,0.02,0.02,0.03,26730,1.625,774,3113,0,319,495,50,78.0,14210,72,41
2520,2021-05-16T08:31:32+03:00,2021-05-16T02:27:32+03:00,15.5,8040,21840,88,50.84,47,8280,10410,330,3000,29,65,61,98,93,75,40,48,2021-05-16,-0.13,-0.13,0.02,19320,1.90625,1186,3634,1,288,651,95,77.0,22416,69,44
6840,2021-05-17T11:26:40+03:00,2021-05-17T01:33:40+03:00,15.125,8190,35580,81,50.23,45,13470,16320,510,7080,31,60,76,99,74,83,95,84,2021-05-17,-0.07,-0.07,0.07,28740,1.5,570,2847,1,423,299,59,83.0,10343,79,40
6390,2021-05-18T09:56:37+03:00,2021-05-18T00:56:37+03:00,15.375,9210,32400,80,51.41,47,13050,14760,300,3750,31,60,69,100,74,72,50,74,2021-05-18,0.05,0.05,0.11,26010,1.5,475,2847,0,548,359,33,96.0,8611,78,49
4080,2021-05-19T09:56:31+03:00,2021-05-19T01:47:31+03:00,15.5,5250,29340,86,55.93,51,15060,14760,750,4950,31,41,70,84,86,94,67,71,2021-05-19,0.21,0.21,0.23,25260,1.53125,602,2929,1,488,355,51,97.0,11211,71,57
2460,2021-05-20T08:45:19+03:00,2021-05-20T00:44:19+03:00,15.625,8190,28860,91,53.82,50,10230,14520,210,7980,27,52,77,99,96,70,97,75,2021-05-20,-0.08,-0.08,0.21,26400,1.53125,519,2874,1,597,327,44,94.0,9863,77,63
6000,2021-05-21T10:56:54+03:00,2021-05-21T00:36:54+03:00,15.0,7020,37200,84,54.3,50,15450,18090,600,8730,36,50,81,97,81,86,99,94,2021-05-21,-0.12,-0.12,0.11,31200,1.53125,633,2910,1,319,303,75,98.0,11609,82,68
1890,2021-05-22T08:21:34+03:00,2021-05-22T02:18:34+03:00,15.25,9000,21780,91,53.43,49,7890,10680,270,3000,27,51,62,100,97,72,40,50,2021-05-22,-0.15,-0.15,0.02,19890,1.65625,682,3081,1,580,479,49,94.0,12469,71,73
2910,2021-05-23T12:48:36+03:00,2021-05-23T03:08:36+03:00,15.125,7830,34800,92,53.41,49,14670,17040,240,9390,32,51,80,98,97,70,100,96,2021-05-23,0.23,0.23,0.15,31890,1.5,605,2861,12,384,292,46,97.0,9537,82,75
3810,2021-05-24T10:17:09+03:00,2021-05-24T01:35:09+03:00,15.375,6750,31320,88,56.92,53,14580,15120,210,6180,27,40,75,96,90,70,83,80,2021-05-24,0.01,0.01,0.21,27510,1.8125,1059,3403,1,321,482,125,95.0,21159,75,79
5550,2021-05-25T11:23:31+03:00,2021-05-25T01:38:31+03:00,14.625,6780,35100,84,56.54,51,17130,17640,1260,5640,27,46,75,96,81,83,75,88,2021-05-25,0.21,0.21,0.28,29550,1.8125,1029,3394,0,365,454,106,93.0,20050,76,72
4620,2021-05-26T10:48:31+03:00,2021-05-26T03:15:31+03:00,14.875,4830,27180,83,54.08,49,12210,13530,450,5520,34,57,62,78,79,81,74,61,2021-05-26,-0.13,-0.13,0.18,22560,1.59375,685,3000,0,429,340,84,89.0,13850,65,65
4380,2021-05-27T09:30:57+03:00,2021-05-27T00:59:57+03:00,15.25,6720,30660,86,50.88,46,14130,14970,900,5430,27,61,76,96,86,99,73,75,2021-05-27,-0.29,-0.29,0.02,26280,1.78125,920,3318,1,410,473,106,78.0,17485,83,67
2970,2021-05-28T10:00:29+03:00,2021-05-28T01:57:29+03:00,14.875,8310,28980,90,50.55,47,13800,14070,360,3900,28,61,71,99,95,75,52,74,2021-05-28,-0.17,-0.17,-0.06,26010,1.78125,996,3361,3,352,517,79,76.0,17887,79,64
5850,2021-05-29T08:18:32+03:00,2021-05-29T01:48:32+03:00,15.125,5370,23400,75,54.16,48,10920,11220,390,1260,38,49,51,87,60,78,16,41,2021-05-29,0.07,0.07,0.04,17550,2.5,2210,4700,21,243,557,259,75.0,42534,69,60
2670,2021-05-30T09:20:24+03:00,2021-05-30T02:20:24+03:00,15.75,6180,25200,89,63.39,56,12300,12630,1020,4050,33,43,68,95,95,94,54,61,2021-05-30,-0.07,-0.07,0.11,22530,1.9375,1329,3672,15,162,499,141,75.0,21738,42,37
4140,2021-05-31T11:04:24+03:00,2021-05-31T00:25:24+03:00,15.25,9690,38340,89,53.5,47,16320,18480,300,8190,33,70,83,100,93,72,98,100,2021-05-31,0.22,0.22,0.21,34200,1.625,727,3071,1,417,450,55,74.0,13349,77,29
4470,2021-06-01T11:12:53+03:00,2021-06-01T02:23:53+03:00,14.75,7650,31740,86,49.26,44,14640,15450,1110,4980,35,79,73,98,86,89,67,79,2021-06-01,0.09,0.09,0.25,27270,1.5,523,2816,4,549,293,48,81.0,9019,77,34
6480,2021-06-02T12:31:31+03:00,2021-06-02T02:18:31+03:00,14.625,6360,36780,82,65.92,53,18510,17790,330,5430,36,48,74,96,79,75,73,91,2021-06-02,0.49,0.49,0.43,30300,1.46875,521,2805,0,395,353,40,98.0,10166,57,43
7650,2021-06-03T11:14:40+03:00,2021-06-03T01:07:40+03:00,15.375,7500,36420,79,54.2,48,15060,16320,510,6210,36,55,75,98,69,83,84,85,2021-06-03,0.01,0.01,0.38,28770,1.5,549,2826,1,464,283,55,97.0,10203,80,50
9240,2021-06-04T11:26:30+03:00,2021-06-04T00:38:30+03:00,14.625,6000,38880,76,52.86,47,17130,18870,300,6510,28,55,74,95,62,72,88,88,2021-06-04,0.0,0.0,0.26,29640,1.53125,535,2867,0,453,398,32,97.0,9943,84,57
3540,2021-06-05T09:21:44+03:00,2021-06-05T02:05:44+03:00,15.125,7080,26160,86,53.78,50,11280,13170,120,4260,27,49,64,97,86,64,57,61,2021-06-05,-0.25,-0.25,0.06,22620,1.625,694,3057,0,406,505,43,97.0,14719,75,65
4710,2021-06-06T12:24:38+03:00,2021-06-06T01:19:38+03:00,15.25,4860,39900,88,57.33,51,24150,20010,390,6180,42,45,77,78,90,78,83,100,2021-06-06,0.1,0.1,0.1,35190,1.875,1293,3545,4,216,278,190,99.0,26456,81,68
8280,2021-06-07T12:29:39+03:00,2021-06-07T02:30:39+03:00,14.25,3420,35940,77,61.34,53,18510,17160,240,5730,38,45,64,55,65,70,77,80,2021-06-07,0.14,0.14,0.2,27660,1.5625,550,2909,0,470,421,30,94.0,10736,62,63
4110,2021-06-08T09:17:32+03:00,2021-06-08T03:36:32+03:00,15.5,6030,20460,80,54.02,50,8670,10170,990,1650,34,49,52,95,72,94,22,37,2021-06-08,0.0,0.0,0.24,16350,1.5625,537,2922,0,603,417,30,92.0,9818,64,67
8040,2021-06-09T11:27:17+03:00,2021-06-09T02:26:17+03:00,15.375,6990,32460,75,51.93,46,12030,15210,690,5400,36,54,66,97,60,91,72,68,2021-06-09,-0.18,-0.18,0.11,24420,1.53125,548,2878,0,568,306,62,96.0,11204,77,72
6450,2021-06-10T12:57:12+03:00,2021-06-10T03:57:12+03:00,15.375,6090,32400,80,52.68,50,14730,15720,390,5130,37,67,66,95,72,78,69,74,2021-06-10,0.0,0.0,0.08,25950,1.4375,487,2731,0,313,267,44,95.0,9238,76,76
6270,2021-06-11T13:22:01+03:00,2021-06-11T02:48:01+03:00,15.375,7800,38040,84,54.69,50,15510,18540,960,8460,37,51,80,98,81,97,99,96,2021-06-11,-0.08,-0.08,0.08,31770,1.6875,825,3164,0,280,502,62,99.0,15787,84,81
5400,2021-06-12T13:46:03+03:00,2021-06-12T05:41:03+03:00,15.0,6330,29100,81,55.07,51,12300,13650,510,5070,35,52,66,96,76,83,68,65,2021-06-12,0.03,0.03,0.13,23700,1.6875,877,3166,0,351,419,92,99.0,18066,77,80
5550,2021-06-13T13:38:27+03:00,2021-06-13T02:34:27+03:00,15.375,6750,39840,86,52.1,46,19950,19860,900,7590,33,55,82,96,86,99,96,100,2021-06-13,-0.22,-0.22,0.06,34290,1.625,863,3090,0,311,311,93,99.0,18267,87,76
3630,2021-06-14T09:24:14+03:00,2021-06-14T02:07:14+03:00,15.25,4530,26220,86,53.61,47,14640,13620,1320,3420,32,63,62,73,86,81,45,61,2021-06-14,-0.3,-0.3,-0.05,22590,1.53125,489,2875,1,588,372,32,91.0,8633,73,72
4290,2021-06-15T08:16:27+03:00,2021-06-15T01:47:27+03:00,15.5,7170,23340,82,51.44,46,11700,10800,420,180,33,57,55,97,76,78,2,47,2021-06-15,-0.26,-0.26,-0.12,19050,1.8125,1017,3384,2,396,414,132,98.0,20782,67,76
4500,2021-06-16T09:39:58+03:00,2021-06-16T00:11:58+03:00,15.0,5640,34080,87,58.45,52,17430,18090,2400,6510,26,47,75,91,88,32,88,88,2021-06-16,0.36,0.36,0.12,29580,1.59375,610,2978,0,522,448,42,96.0,12099,69,70
7110,2021-06-17T12:27:59+03:00,2021-06-17T02:38:59+03:00,15.0,6600,35340,80,53.56,49,17130,16680,900,4500,39,59,71,96,72,99,60,83,2021-06-17,0.09,0.09,0.27,28230,1.71875,926,3246,3,395,342,115,97.0,18738,80,72
7860,2021-06-18T13:01:59+03:00,2021-06-18T02:51:59+03:00,15.25,4800,36600,79,65.06,53,17160,18750,240,6780,40,49,69,77,69,70,91,85,2021-06-18,-0.08,-0.08,0.22,28740,1.5625,601,2935,0,411,442,30,95.0,11958,61,68
3390,2021-06-19T14:41:59+03:00,2021-06-19T07:00:59+03:00,15.625,7140,27660,88,59.99,54,11850,13680,780,5280,37,51,67,97,90,94,71,67,2021-06-19,0.4,0.4,0.29,24270,1.5625,645,2938,0,361,423,53,93.0,12913,57,71
7050,2021-06-20T13:15:29+03:00,2021-06-20T02:51:29+03:00,15.75,7290,37440,81,52.22,46,18720,17490,630,4380,34,67,73,97,74,89,58,91,2021-06-20,0.06,0.06,0.32,30390,1.9375,1470,3704,2,187,227,248,91.0,31606,84,73
7200,2021-06-21T09:26:08+03:00,2021-06-21T00:53:08+03:00,15.375,4290,30780,77,63.1,54,15690,17280,3810,3600,31,41,53,69,65,8,48,65,2021-06-21,0.0,0.0,0.25,23580,1.90625,1134,3571,0,378,583,103,78.0,22141,54,61
5790,2021-06-22T11:25:28+03:00,2021-06-22T03:44:28+03:00,15.625,5160,27660,79,54.67,48,12960,14010,1110,3750,33,63,59,83,72,89,50,58,2021-06-22,0.1,0.1,0.21,21870,1.5,486,2830,0,440,417,20,84.0,9398,69,54
7320,2021-06-23T10:54:58+03:00,2021-06-23T02:33:58+03:00,15.5,5010,30060,76,53.48,48,15870,14010,810,1860,33,56,59,81,62,97,24,61,2021-06-23,0.1,0.1,0.24,22740,1.6875,804,3170,1,405,415,91,97.0,16526,72,60
4080,2021-06-24T09:25:58+03:00,2021-06-24T02:07:58+03:00,16.125,5670,26280,84,56.78,53,12900,13680,1740,3630,32,49,61,92,81,62,49,59,2021-06-24,-0.09,-0.09,0.18,22200,1.5625,516,2899,0,552,459,30,97.0,10550,64,61
3000,2021-06-25T10:19:30+03:00,2021-06-25T03:44:30+03:00,15.625,7020,23700,87,53.27,50,11010,11640,480,2670,28,58,60,97,88,81,36,54,2021-06-25,0.05,0.05,0.14,20700,1.46875,490,2799,0,448,404,22,98.0,9141,69,67
7800,2021-06-26T12:16:24+03:00,2021-06-26T00:50:24+03:00,15.875,8100,41160,81,54.91,48,17460,20070,420,7800,29,53,81,99,74,78,97,100,2021-06-26,0.19,0.19,0.2,33360,1.53125,641,2904,0,373,336,66,99.0,12970,82,73
4170,2021-06-27T12:01:58+03:00,2021-06-27T01:32:58+03:00,15.625,6180,37740,89,57.03,50,20760,18600,540,6630,38,53,81,95,93,83,89,100,2021-06-27,0.04,0.04,0.22,33570,1.6875,872,3201,0,264,519,66,100.0,17338,80,75
2940,2021-06-28T08:05:28+03:00,2021-06-28T02:36:28+03:00,15.25,6120,19740,85,51.64,49,8970,9810,390,1710,33,66,53,95,83,78,23,38,2021-06-28,-0.09,-0.09,0.13,16800,1.625,660,3036,2,541,402,57,95.0,12533,69,73
3780,2021-06-29T09:21:18+03:00,2021-06-29T01:18:18+03:00,14.875,8280,28980,87,49.17,46,12180,14430,870,4740,31,71,73,99,88,99,63,71,2021-06-29,-0.24,-0.24,0.0,25200,1.8125,1053,3417,2,454,397,122,94.0,21633,81,76
3330,2021-06-30T09:27:01+03:00,2021-06-30T01:40:01+03:00,15.5,6570,28020,88,56.8,53,12420,13830,270,5700,28,46,70,96,93,72,76,69,2021-06-30,0.03,0.03,0.01,24690,1.96875,1255,3670,2,547,375,173,91.0,25191,67,69
3510,2021-07-01T11:21:59+03:00,2021-07-01T03:43:59+03:00,14.875,6450,27480,87,53.9,49,13110,13170,180,4410,34,51,64,96,90,67,59,66,2021-07-01,-0.08,-0.08,0.04,23970,1.53125,581,2866,0,480,299,58,89.0,11139,69,61
9120,2021-07-02T11:45:59+03:00,2021-07-02T01:40:59+03:00,15.25,7770,36300,75,49.25,44,15510,16980,600,3900,38,71,67,98,60,86,52,79,2021-07-02,-0.09,-0.09,0.04,27180,1.59375,656,2993,0,540,350,58,96.0,12750,77,64
3090,2021-07-03T12:15:38+03:00,2021-07-03T03:02:38+03:00,15.125,6690,33180,91,53.5,49,17340,16740,540,6060,37,56,76,96,96,83,81,90,2021-07-03,-0.07,-0.07,0.02,30090,2.03125,1489,3852,3,205,481,207,100.0,30843,77,66
5100,2021-07-04T12:36:02+03:00,2021-07-04T03:21:02+03:00,15.5,4110,33300,85,60.46,52,17700,17400,390,6390,35,44,70,66,83,78,86,82,2021-07-04,0.2,0.2,0.14,28200,1.3125,343,2528,0,548,192,36,95.0,6880,61,55
4260,2021-07-05T08:43:02+03:00,2021-07-05T01:27:02+03:00,15.75,7170,26160,84,52.0,47,10500,12570,1260,4230,34,63,65,97,83,83,57,58,2021-07-05,0.01,0.01,0.18,21900,1.6875,698,3141,0,433,608,29,98.0,13406,78,63
3780,2021-07-06T11:28:01+03:00,2021-07-06T02:33:01+03:00,15.25,7380,32100,88,49.23,46,15300,15300,570,5640,31,66,75,97,95,86,75,83,2021-07-06,-0.25,-0.25,0.05,28320,1.625,618,3020,0,473,469,32,98.0,11623,83,66
3060,2021-07-07T11:22:01+03:00,2021-07-07T04:15:01+03:00,15.375,8160,25620,88,51.99,48,9660,12420,870,4740,30,60,67,99,90,99,63,61,2021-07-07,-0.1,-0.1,-0.03,22560,1.5625,578,2936,0,486,383,47,96.0,11818,78,69
3630,2021-07-08T11:42:01+03:00,2021-07-08T02:46:01+03:00,15.375,5970,32160,89,53.02,48,15240,15570,660,7320,33,55,77,95,93,89,96,84,2021-07-08,0.25,0.25,0.11,28530,1.53125,522,2881,0,479,423,40,95.0,9071,85,73
3780,2021-07-09T11:51:01+03:00,2021-07-09T03:36:01+03:00,15.5,9090,29700,87,52.45,50,11700,13920,180,5130,30,58,68,100,88,67,69,74,2021-07-09,0.13,0.13,0.24,25920,1.6875,813,3191,2,399,438,81,96.0,14817,81,78
3960,2021-07-10T15:21:01+03:00,2021-07-10T06:30:01+03:00,15.25,5220,31860,88,53.01,48,16440,15750,390,6240,48,61,70,84,90,78,84,81,2021-07-10,-0.09,-0.09,0.18,27900,1.78125,1045,3377,2,303,394,151,97.0,22702,81,77
3420,2021-07-11T13:58:01+03:00,2021-07-11T07:10:01+03:00,15.625,4830,24480,86,54.51,51,13140,11730,420,3090,41,56,56,78,86,78,41,55,2021-07-11,0.08,0.08,0.13,21060,1.625,639,3012,1,511,443,40,94.0,12289,65,73
3150,2021-07-12T11:20:01+03:00,2021-07-12T05:39:01+03:00,15.875,6630,20460,85,52.74,49,10650,10290,240,30,35,57,49,96,83,70,1,41,2021-07-12,-0.04,-0.04,0.11,17310,1.71875,832,3234,1,581,384,100,93.0,17007,75,75
6150,2021-07-13T14:15:01+03:00,2021-07-13T05:21:01+03:00,15.625,8340,32040,81,52.73,49,14370,15060,420,3180,35,61,64,99,74,78,42,74,2021-07-13,0.15,0.15,0.17,25890,1.46875,449,2745,0,565,294,28,88.0,7967,75,73
2580,2021-07-14T09:26:31+03:00,2021-07-14T04:38:31+03:00,15.875,5100,17280,85,55.0,49,8130,9000,1080,1470,38,53,47,82,83,91,20,30,2021-07-14,0.09,0.09,0.2,14700,1.6875,716,3142,0,581,484,54,95.0,13656,70,78
7740,2021-07-15T14:21:23+03:00,2021-07-15T03:34:23+03:00,15.5,10710,38820,80,53.46,49,14460,17670,390,5910,34,64,75,100,72,78,80,94,2021-07-15,0.09,0.09,0.22,31080,1.40625,352,2646,0,463,290,13,96.0,6457,77,78
3720,2021-07-17T11:02:23+03:00,2021-07-16T21:50:23+03:00,15.625,10650,47520,92,53.75,48,19440,23430,330,13710,23,52,89,100,97,75,100,100,2021-07-17,0.1,0.1,0.21,43800,1.3125,243,2479,0,640,229,6,79.0,4498,82,82
3660,2021-07-18T13:50:59+03:00,2021-07-18T04:26:59+03:00,15.75,8670,33840,89,52.47,48,15000,16080,120,6510,34,62,75,100,93,64,88,90,2021-07-18,0.17,0.17,0.25,30180,1.4375,456,2734,0,409,380,25,78.0,8229,89,90
4020,2021-07-19T12:48:10+03:00,2021-07-19T04:04:10+03:00,15.625,7260,31440,87,54.67,51,13890,15420,660,6270,26,52,73,97,88,89,84,79,2021-07-19,-0.02,-0.02,0.21,27420,1.53125,563,2901,1,445,421,37,70.0,10381,87,93
3930,2021-07-20T10:42:00+03:00,2021-07-20T03:51:00+03:00,15.375,6150,24660,84,56.29,52,11130,11700,300,3450,28,47,59,95,81,72,46,54,2021-07-20,-0.32,-0.32,0.02,20730,1.625,687,3048,0,441,463,51,79.0,12503,72,94
2190,2021-07-21T10:28:15+03:00,2021-07-21T04:37:15+03:00,16.0,7410,21060,90,55.39,50,7950,10440,600,3510,29,45,60,98,95,86,47,47,2021-07-21,-0.09,-0.09,-0.04,18870,1.5,405,2783,0,622,368,14,67.0,7618,70,91
3180,2021-07-22T10:30:59+03:00,2021-07-22T02:39:59+03:00,15.625,8070,28260,89,54.51,49,11370,14580,1800,5640,24,53,69,99,93,59,75,70,2021-07-22,0.14,0.14,0.07,25080,1.5,517,2819,5,445,324,36,77.0,9687,74,94
2160,2021-07-23T08:41:15+03:00,2021-07-23T00:59:15+03:00,15.625,8700,27720,92,52.88,49,12780,13710,180,4080,36,58,71,100,97,67,54,72,2021-07-23,-0.13,-0.13,0.1,25560,1.65625,697,3106,2,496,513,38,76.0,12713,79,95
4110,2021-07-24T13:06:00+03:00,2021-07-24T02:22:00+03:00,15.375,10140,38640,89,52.84,49,15240,18930,510,9150,29,55,83,100,93,83,100,100,2021-07-24,0.04,0.04,0.11,34530,1.5,624,2857,0,431,330,52,81.0,11705,88,92
4470,2021-07-25T13:14:00+03:00,2021-07-25T03:30:00+03:00,15.75,7350,35040,87,55.99,51,17730,16740,660,5490,33,53,77,97,90,89,74,92,2021-07-25,0.09,0.09,0.15,30570,1.625,797,3089,1,410,307,99,88.0,15856,82,90
3030,2021-07-26T09:49:30+03:00,2021-07-26T04:04:30+03:00,15.625,5100,20700,85,54.63,49,10050,9840,270,2520,31,52,52,82,86,72,33,42,2021-07-26,0.04,0.04,0.18,17670,1.65625,677,3076,0,471,494,39,88.0,12870,64,86
3480,2021-07-27T11:20:30+03:00,2021-07-27T03:09:30+03:00,15.375,8340,29460,88,50.57,47,12360,14070,600,5280,27,65,72,99,90,86,71,74,2021-07-27,0.07,0.07,0.18,25980,1.5625,662,2970,1,515,334,69,85.0,12616,83,85
6390,2021-07-28T13:01:30+03:00,2021-07-28T03:01:30+03:00,15.625,6660,36000,82,53.75,49,15420,16680,570,7530,32,54,76,96,76,86,96,88,2021-07-28,0.21,0.21,0.24,29610,1.5625,655,2973,2,415,368,66,88.0,12166,82,84
2400,2021-07-29T09:00:57+03:00,2021-07-29T03:41:57+03:00,15.5,8400,19140,87,50.02,46,5730,9240,210,2610,30,59,54,99,88,70,35,38,2021-07-29,-0.15,-0.15,0.16,16740,1.625,585,3006,0,636,413,45,83.0,11641,69,83
3540,2021-07-30T09:13:29+03:00,2021-07-30T03:16:29+03:00,15.0,8790,21420,83,50.14,47,7020,10890,1050,2070,23,56,57,100,79,91,27,43,2021-07-30,-0.16,-0.16,0.04,17880,1.59375,553,2954,0,574,444,36,95.0,10778,69,84
3000,2021-07-31T12:15:29+03:00,2021-07-31T02:51:29+03:00,15.25,9900,33840,91,50.05,46,14550,16290,480,6390,31,73,80,100,96,81,86,93,2021-07-31,0.04,0.04,0.04,30840,1.71875,970,3231,0,439,255,155,98.0,20891,83,85
12660,2021-08-01T15:20:29+03:00,2021-08-01T02:48:29+03:00,14.625,4410,45120,72,69.12,58,19980,24000,150,8070,42,36,71,71,53,67,98,98,2021-08-01,1.33,1.33,0.64,32460,1.46875,525,2780,0,298,322,48,,9869,35,79
6180,2021-08-02T12:18:32+03:00,2021-08-02T03:18:32+03:00,15.875,8250,32400,81,52.14,45,14130,16290,2070,3840,34,59,63,99,74,46,51,75,2021-08-02,-0.11,-0.11,0.62,26220,1.78125,981,3350,2,347,494,80,,16840,79,0
1740,2021-08-03T09:00:30+03:00,2021-08-03T04:00:30+03:00,15.0,7380,18000,90,51.51,49,6510,8820,450,2370,33,55,55,97,95,81,32,36,2021-08-03,-0.26,-0.26,0.25,16260,1.625,739,3034,1,182,484,42,,14282,66,0
2490,2021-08-04T11:04:44+03:00,2021-08-04T00:15:44+03:00,15.875,6690,38940,94,54.78,50,20850,19500,570,8910,30,52,86,96,99,86,100,100,2021-08-04,0.13,0.13,0.06,36450,1.625,799,3084,1,499,277,115,,16424,81,0
5700,2021-08-05T12:57:59+03:00,2021-08-05T03:16:59+03:00,15.375,3750,34860,84,56.24,50,18780,17970,2370,6630,36,53,65,60,81,32,89,86,2021-08-05,0.13,0.13,0.18,29160,1.5,573,2833,0,281,357,41,97.0,11472,73,0
7350,2021-08-06T11:48:31+03:00,2021-08-06T02:37:31+03:00,15.875,4890,33060,78,54.55,49,16680,15540,1320,4140,25,51,64,79,67,81,55,73,2021-08-06,-0.16,-0.16,0.14,25710,1.4375,428,2705,0,570,313,30,89.0,9025,77,77
3180,2021-08-07T12:25:31+03:00,2021-08-07T03:11:31+03:00,16.0,8250,33240,90,53.96,49,16050,16710,570,5760,29,52,78,99,95,86,77,90,2021-08-07,0.07,0.07,0.12,30060,1.4375,491,2732,0,250,356,14,87.0,9334,84,81
2520,2021-08-08T09:32:01+03:00,2021-08-08T03:58:01+03:00,16.0,6030,20040,87,56.37,53,9450,9750,240,2040,22,40,54,95,90,70,27,41,2021-08-08,-0.02,-0.02,0.12,17520,1.71875,879,3230,0,336,528,56,93.0,16770,62,85
3240,2021-08-09T12:42:03+03:00,2021-08-09T02:25:03+03:00,15.375,9180,37020,91,53.0,49,16140,18150,180,8460,35,55,81,100,96,67,99,100,2021-08-09,-0.15,-0.15,0.08,33780,1.875,1210,3517,0,263,389,173,99.0,25669,83,81
3360,2021-08-10T12:29:03+03:00,2021-08-10T04:11:03+03:00,15.25,7710,29880,89,52.93,49,12090,14280,510,6720,35,53,72,98,93,83,90,76,2021-08-10,0.04,0.04,0.08,26520,1.375,399,2603,1,572,232,34,89.0,7289,77,72
1410,2021-08-11T08:32:03+03:00,2021-08-11T02:48:03+03:00,15.5,5370,20640,93,51.93,49,9420,10260,330,4440,28,59,63,87,99,75,59,48,2021-08-11,-0.2,-0.2,0.03,19230,1.75,997,3308,2,477,322,145,92.0,21538,72,77
16050,2021-08-12T13:40:27+03:00,2021-08-12T00:20:27+03:00,14.875,6210,48000,67,53.03,45,18120,25290,150,7620,28,57,75,96,41,67,96,96,2021-08-12,0.0,0.0,0.05,31950,1.4375,490,2723,0,264,357,28,89.0,10433,79,71
10230,2021-08-13T13:09:18+03:00,2021-08-13T00:13:18+03:00,15.625,6840,46560,78,52.73,47,18030,22830,930,11460,34,51,82,97,67,97,100,100,2021-08-13,-0.01,-0.01,0.08,36330,1.6875,853,3186,0,511,371,108,92.0,18871,90,74
3990,2021-08-14T13:11:57+03:00,2021-08-14T04:07:57+03:00,15.875,7320,32640,88,54.13,49,14850,16500,690,6480,29,49,76,97,90,91,87,84,2021-08-14,-0.03,-0.03,0.1,28650,1.75,995,3295,0,311,367,134,99.0,22330,81,71
5610,2021-08-15T12:53:02+03:00,2021-08-15T02:43:02+03:00,15.75,6060,36600,85,54.71,50,18150,18030,870,6780,31,45,79,95,83,99,91,93,2021-08-15,0.04,0.04,0.12,30990,1.59375,678,3006,0,342,488,42,98.0,14074,83,67
3960,2021-08-16T13:37:00+03:00,2021-08-16T04:26:00+03:00,15.875,7680,33060,88,54.64,50,14220,16740,750,7200,32,46,77,98,90,94,95,86,2021-08-16,0.09,0.09,0.17,29100,1.65625,822,3136,3,297,468,58,95.0,16447,82,68
2040,2021-08-17T09:32:00+03:00,2021-08-17T05:11:00+03:00,15.75,5310,15660,87,55.15,50,6090,7620,180,2220,25,44,47,86,90,67,29,26,2021-08-17,-0.01,-0.01,0.16,13620,1.625,658,3026,0,458,477,45,91.0,13218,69,68
3660,2021-08-18T09:52:00+03:00,2021-08-18T02:16:00+03:00,15.875,8460,27360,87,55.02,51,10440,13680,810,4800,24,46,69,99,88,97,64,65,2021-08-18,0.03,0.03,0.15,23700,1.46875,467,2755,0,549,360,27,86.0,9090,72,71
5520,2021-08-19T12:52:38+03:00,2021-08-19T02:08:38+03:00,15.625,8160,38640,86,54.86,51,17580,18990,960,7380,36,50,83,99,86,97,96,100,2021-08-19,0.18,0.18,0.21,33120,1.6875,918,3186,0,383,355,112,99.0,18424,82,75
3360,2021-08-20T09:11:59+03:00,2021-08-20T04:02:59+03:00,15.125,5610,18540,82,52.8,49,6480,8640,420,3090,28,57,52,91,76,78,41,32,2021-08-20,-0.21,-0.21,0.12,15180,1.5,573,2834,0,408,355,41,98.0,11087,63,72
3930,2021-08-21T11:31:32+03:00,2021-08-20T23:38:32+03:00,15.875,8010,42780,91,54.13,50,18450,20760,570,12390,30,47,85,98,96,86,100,100,2021-08-21,0.36,0.36,0.22,38850,1.78125,1056,3335,0,325,308,152,99.0,22856,81,75
1980,2021-08-22T08:41:12+03:00,2021-08-22T03:11:12+03:00,16.0,5910,19800,90,54.15,50,9090,10080,240,2820,27,51,57,95,95,70,37,42,2021-08-22,-0.03,-0.03,0.22,17820,2.0,1363,3763,0,296,558,149,100.0,28069,63,71
3600,2021-08-23T10:01:26+03:00,2021-08-23T01:17:26+03:00,15.625,8220,31440,89,52.51,49,13800,15420,390,5820,36,57,75,99,93,78,78,81,2021-08-23,-0.16,-0.16,0.13,27840,1.6875,808,3147,0,352,503,56,99.0,16566,74,60
3120,2021-08-25T09:14:39+03:00,2021-08-25T01:50:39+03:00,15.5,5580,26640,88,64.39,57,11970,12540,210,5970,33,42,68,90,90,70,80,64,2021-08-25,0.85,0.85,0.47,23520,1.5,540,2856,0,450,382,34,98.0,10485,44,70
4230,2021-08-26T09:00:46+03:00,2021-08-26T00:41:46+03:00,16.5,6210,29940,86,57.01,52,15360,15360,690,4140,38,51,67,59,86,91,81,75,2021-08-26,0.83,0.83,0.86,25710,1.65625,803,3140,0,479,353,91,97.0,15905,43,74
4290,2021-08-27T09:50:47+03:00,2021-08-27T01:20:47+03:00,15.25,3630,30600,86,62.21,52,16620,15600,270,6060,32,36,84,100,90,72,100,100,2021-08-27,-0.19,-0.19,0.51,26310,1.40625,367,2655,0,477,323,20,97.0,6910,76,74
5160,2021-08-28T12:07:33+03:00,2021-08-28T00:28:33+03:00,15.625,10350,41940,88,52.96,48,17130,20490,870,9300,39,50,80,96,88,99,100,100,2021-08-28,-0.17,-0.17,0.17,36780,1.53125,591,2878,0,321,406,43,99.0,11168,73,91
5160,2021-08-29T12:16:30+03:00,2021-08-29T00:57:30+03:00,15.5,6450,40740,87,52.91,49,19860,19740,180,9270,35,51,79,95,83,67,95,100,2021-08-29,-0.04,-0.04,0.03,35580,1.65625,869,3152,0,234,426,88,99.0,17484,86,92
6000,2021-08-30T11:41:46+03:00,2021-08-30T00:35:46+03:00,15.625,6120,39960,85,52.43,45,20670,20340,1620,7170,36,53,64,96,83,67,38,57,2021-08-30,-0.21,-0.21,0.01,33960,1.5625,739,2997,0,365,267,102,99.0,15044,63,93
3960,2021-08-31T08:01:22+03:00,2021-08-31T00:54:22+03:00,15.5,6570,25620,85,53.14,48,12210,12960,1350,2880,28,51,80,93,90,78,79,84,2021-08-31,-0.22,-0.22,-0.03,21660,1.65625,740,3092,0,363,497,56,98.0,13772,71,95
3990,2021-09-01T08:43:31+03:00,2021-08-31T23:39:31+03:00,15.0,5730,32640,88,53.96,50,17040,15660,660,5880,38,43,80,96,79,89,97,94,2021-09-01,-0.17,-0.17,-0.05,28650,1.78125,996,3370,0,478,363,132,94.0,21358,85,88
6270,2021-09-02T11:01:53+03:00,2021-09-02T00:36:53+03:00,14.375,6720,37500,83,54.91,49,16650,17550,810,7860,37,49,81,98,95,97,96,97,2021-09-02,-0.19,-0.19,-0.05,31230,1.65625,812,3114,1,364,350,92,93.0,15496,77,89
3780,2021-09-03T11:04:31+03:00,2021-09-03T01:02:31+03:00,14.875,7680,36120,90,54.08,48,17370,17670,300,7290,37,52,64,75,88,72,78,66,2021-09-03,-0.1,-0.1,-0.01,32340,1.75,880,3269,1,368,531,74,90.0,16379,69,80
3480,2021-09-04T11:16:29+03:00,2021-09-04T03:37:29+03:00,14.625,4650,27540,87,52.61,49,13620,13680,450,5790,41,51,79,89,88,81,97,93,2021-09-04,-0.01,-0.01,0.04,24060,1.5,572,2841,1,519,288,61,84.0,11347,78,78
4770,2021-09-05T12:29:10+03:00,2021-09-05T02:33:10+03:00,15.0,5490,35760,87,52.88,48,17700,17130,810,7800,37,52,64,81,69,97,82,78,2021-09-05,0.0,0.0,0.1,30990,1.5625,763,2985,2,409,213,118,98.0,15087,62,69
7110,2021-09-06T10:37:34+03:00,2021-09-06T01:08:34+03:00,14.875,5010,34140,79,57.66,51,15900,17820,3450,6120,27,47,69,98,83,12,48,79,2021-09-06,0.05,0.05,0.14,27030,1.5625,652,2971,0,444,356,62,98.0,11632,69,81
4770,2021-09-07T09:59:59+03:00,2021-09-07T01:07:59+03:00,15.875,7890,31920,85,54.12,48,15660,16020,450,3600,38,53,69,98,83,81,48,79,2021-09-07,0.05,0.05,0.14,27150,1.71875,849,3233,0,491,372,106,96.0,16484,79,71
4860,2021-09-08T10:00:32+03:00,2021-09-08T02:33:32+03:00,15.25,6360,26820,82,55.18,51,10290,12300,270,5310,31,41,63,96,76,72,71,58,2021-09-08,-0.26,-0.26,0.03,21960,1.5,460,2789,3,455,384,25,95.0,8009,68,75
4800,2021-09-09T10:13:19+03:00,2021-09-09T01:42:19+03:00,15.5,7320,30660,84,54.28,51,12150,14250,210,6390,41,49,69,91,72,70,96,83,2021-09-09,-0.08,-0.08,-0.06,25860,1.5,496,2804,1,635,268,41,94.0,9921,62,81
7050,2021-09-10T11:56:39+03:00,2021-09-10T02:05:39+03:00,15.25,5640,35460,80,57.95,52,15450,18090,1980,7320,41,45,77,100,88,51,82,95,2021-09-10,0.05,0.05,0.05,28410,1.6875,828,3169,21,428,397,61,98.0,12816,75,67
4800,2021-09-11T13:14:02+03:00,2021-09-11T03:12:02+03:00,15.875,9420,36120,87,58.41,53,15810,17880,300,6090,33,49,78,87,83,72,96,100,2021-09-11,-0.09,-0.09,0.07,31320,1.6875,961,3210,23,296,331,76,100.0,14505,80,71
6210,2021-09-12T12:36:05+03:00,2021-09-12T01:23:05+03:00,15.125,5400,40380,85,56.33,51,21210,19560,330,7560,40,54,78,87,83,75,96,100,2021-09-12,-0.09,-0.09,0.07,34170,1.59375,581,2718,8,109,231,54,99.0,9616,81,89
