date,position,phase
2019-01-01,0.82102605406,Waning Crescent
2019-01-02,0.85488924675,Waning Crescent
2019-01-03,0.88875243944,Waning Crescent
2019-01-04,0.92261563213,Waning Crescent
2019-01-05,0.95647882482,New Moon
2019-01-06,0.99034201751,New Moon
2019-01-07,0.0242052102,New Moon
2019-01-08,0.05806840289,New Moon
2019-01-09,0.09193159558,Waxing Crescent
2019-01-10,0.12579478827,Waxing Crescent
2019-01-11,0.15965798096,Waxing Crescent
2019-01-12,0.19352117365,First Quarter
2019-01-13,0.22738436634,First Quarter
2019-01-14,0.26124755903,First Quarter
2019-01-15,0.29511075172,First Quarter
2019-01-16,0.32897394441,Waxing Gibbous
2019-01-17,0.3628371371,Waxing Gibbous
2019-01-18,0.39670032979,Waxing Gibbous
2019-01-19,0.43056352248,Waxing Gibbous
2019-01-20,0.46442671517,Full Moon
2019-01-21,0.49828990786,Full Moon
2019-01-22,0.53215310055,Full Moon
2019-01-23,0.56601629324,Waning Gibbous
2019-01-24,0.59987948593,Waning Gibbous
2019-01-25,0.63374267862,Waning Gibbous
2019-01-26,0.66760587131,Waning Gibbous
2019-01-27,0.701469064,Last Quarter
2019-01-28,0.73533225669,Last Quarter
2019-01-29,0.76919544938,Last Quarter
2019-01-30,0.80305864207,Last Quarter
2019-01-31,0.83692183476,Waning Crescent
2019-02-01,0.87078502745,Waning Crescent
2019-02-02,0.90464822014,Waning Crescent
2019-02-03,0.93851141283,New Moon
2019-02-04,0.97237460552,New Moon
2019-02-05,0.00623779821,New Moon
2019-02-06,0.0401009909,New Moon
2019-02-07,0.07396418359,Waxing Crescent
2019-02-08,0.10782737628,Waxing Crescent
2019-02-09,0.14169056897,Waxing Crescent
2019-02-10,0.17555376166,Waxing Crescent
2019-02-11,0.20941695435,First Quarter
2019-02-12,0.24328014704,First Quarter
2019-02-13,0.27714333973,First Quarter
2019-02-14,0.31100653242,First Quarter
2019-02-15,0.34486972511,Waxing Gibbous
2019-02-16,0.3787329178,Waxing Gibbous
2019-02-17,0.41259611049,Waxing Gibbous
2019-02-18,0.44645930318,Full Moon
2019-02-19,0.48032249587,Full Moon
2019-02-20,0.51418568856,Full Moon
2019-02-21,0.54804888125,Full Moon
2019-02-22,0.58191207394,Waning Gibbous
2019-02-23,0.61577526663,Waning Gibbous
2019-02-24,0.64963845932,Waning Gibbous
2019-02-25,0.68350165201,Waning Gibbous
2019-02-26,0.7173648447,Last Quarter
2019-02-27,0.75122803739,Last Quarter
2019-02-28,0.78509123008,Last Quarter
2019-03-01,0.81895442277,Waning Crescent
2019-03-02,0.85281761546,Waning Crescent
2019-03-03,0.88668080815,Waning Crescent
2019-03-04,0.92054400084,Waning Crescent
2019-03-05,0.95440719353,New Moon
2019-03-06,0.98827038622,New Moon
2019-03-07,0.02213357891,New Moon
2019-03-08,0.0559967716,New Moon
2019-03-09,0.08985996429,Waxing Crescent
2019-03-10,0.12372315698,Waxing Crescent
2019-03-11,0.15758634967,Waxing Crescent
2019-03-12,0.19144954236,First Quarter
2019-03-13,0.22531273505,First Quarter
2019-03-14,0.25917592774,First Quarter
2019-03-15,0.29303912043,First Quarter
2019-03-16,0.32690231312,Waxing Gibbous
2019-03-17,0.36076550581,Waxing Gibbous
2019-03-18,0.3946286985,Waxing Gibbous
2019-03-19,0.42849189119,Waxing Gibbous
2019-03-20,0.46235508388,Full Moon
2019-03-21,0.49621827657,Full Moon
2019-03-22,0.53008146926,Full Moon
2019-03-23,0.56394466195,Waning Gibbous
2019-03-24,0.59780785464,Waning Gibbous
2019-03-25,0.63167104733,Waning Gibbous
2019-03-26,0.66553424002,Waning Gibbous
2019-03-27,0.69939743271,Last Quarter
2019-03-28,0.7332606254,Last Quarter
2019-03-29,0.76712381809,Last Quarter
2019-03-30,0.80098701078,Last Quarter
2019-03-31,0.83485020347,Waning Crescent
2019-04-01,0.86871339616,Waning Crescent
2019-04-02,0.90257658885,Waning Crescent
2019-04-03,0.93643978154,Waning Crescent
2019-04-04,0.97030297423,New Moon
2019-04-05,0.00416616692,New Moon
2019-04-06,0.03802935961,New Moon
2019-04-07,0.0718925523,Waxing Crescent
2019-04-08,0.10575574499,Waxing Crescent
2019-04-09,0.13961893768,Waxing Crescent
2019-04-10,0.17348213037,Waxing Crescent
2019-04-11,0.20734532306,First Quarter
2019-04-12,0.24120851575,First Quarter
2019-04-13,0.27507170844,First Quarter
2019-04-14,0.30893490113,First Quarter
2019-04-15,0.34279809382,Waxing Gibbous
2019-04-16,0.37666128651,Waxing Gibbous
2019-04-17,0.4105244792,Waxing Gibbous
2019-04-18,0.44438767189,Full Moon
2019-04-19,0.47825086458,Full Moon
2019-04-20,0.51211405727,Full Moon
2019-04-21,0.54597724996,Full Moon
2019-04-22,0.57984044265,Waning Gibbous
2019-04-23,0.61370363534,Waning Gibbous
2019-04-24,0.64756682803,Waning Gibbous
2019-04-25,0.68143002072,Waning Gibbous
2019-04-26,0.71529321341,Last Quarter
2019-04-27,0.7491564061,Last Quarter
2019-04-28,0.78301959879,Last Quarter
2019-04-29,0.81688279148,Waning Crescent
2019-04-30,0.85074598417,Waning Crescent
2019-05-01,0.88460917686,Waning Crescent
2019-05-02,0.91847236955,Waning Crescent
2019-05-03,0.95233556224,New Moon
2019-05-04,0.98619875493,New Moon
2019-05-05,0.02006194762,New Moon
2019-05-06,0.05392514031,New Moon
2019-05-07,0.087788333,Waxing Crescent
2019-05-08,0.12165152569,Waxing Crescent
2019-05-09,0.15551471838,Waxing Crescent
2019-05-10,0.18937791107,First Quarter
2019-05-11,0.22324110376,First Quarter
2019-05-12,0.25710429645,First Quarter
2019-05-13,0.29096748914,First Quarter
2019-05-14,0.32483068183,Waxing Gibbous
2019-05-15,0.35869387452,Waxing Gibbous
2019-05-16,0.39255706721,Waxing Gibbous
2019-05-17,0.4264202599,Waxing Gibbous
2019-05-18,0.46028345259,Full Moon
2019-05-19,0.49414664528,Full Moon
2019-05-20,0.52800983797,Full Moon
2019-05-21,0.56187303066,Full Moon
2019-05-22,0.59573622335,Waning Gibbous
2019-05-23,0.62959941604,Waning Gibbous
2019-05-24,0.66346260873,Waning Gibbous
2019-05-25,0.69732580142,Last Quarter
2019-05-26,0.73118899411,Last Quarter
2019-05-27,0.7650521868,Last Quarter
2019-05-28,0.79891537949,Last Quarter
2019-05-29,0.83277857218,Waning Crescent
2019-05-30,0.86664176487,Waning Crescent
2019-05-31,0.90050495756,Waning Crescent
2019-06-01,0.93436815025,Waning Crescent
2019-06-02,0.96823134294,New Moon
2019-06-03,0.00209453563,New Moon
2019-06-04,0.03595772832,New Moon
2019-06-05,0.06982092101,Waxing Crescent
2019-06-06,0.1036841137,Waxing Crescent
2019-06-07,0.13754730639,Waxing Crescent
2019-06-08,0.17141049908,Waxing Crescent
2019-06-09,0.20527369177,First Quarter
2019-06-10,0.23913688446,First Quarter
2019-06-11,0.27300007715,First Quarter
2019-06-12,0.30686326984,First Quarter
2019-06-13,0.34072646253,Waxing Gibbous
2019-06-14,0.37458965522,Waxing Gibbous
2019-06-15,0.40845284791,Waxing Gibbous
2019-06-16,0.4423160406,Full Moon
2019-06-17,0.47617923329,Full Moon
2019-06-18,0.51004242598,Full Moon
2019-06-19,0.54390561867,Full Moon
2019-06-20,0.57776881136,Waning Gibbous
2019-06-21,0.61163200405,Waning Gibbous
2019-06-22,0.64549519674,Waning Gibbous
2019-06-23,0.67935838943,Waning Gibbous
2019-06-24,0.71322158212,Last Quarter
2019-06-25,0.74708477481,Last Quarter
2019-06-26,0.7809479675,Last Quarter
2019-06-27,0.81481116019,Waning Crescent
2019-06-28,0.84867435288,Waning Crescent
2019-06-29,0.88253754557,Waning Crescent
2019-06-30,0.91640073826,Waning Crescent
2019-07-01,0.95026393095,New Moon
2019-07-02,0.98412712364,New Moon
2019-07-03,0.01799031633,New Moon
2019-07-04,0.05185350902,New Moon
2019-07-05,0.08571670171,Waxing Crescent
2019-07-06,0.1195798944,Waxing Crescent
2019-07-07,0.15344308709,Waxing Crescent
2019-07-08,0.18730627978,Waxing Crescent
2019-07-09,0.22116947247,First Quarter
2019-07-10,0.25503266516,First Quarter
2019-07-11,0.28889585785,First Quarter
2019-07-12,0.32275905054,Waxing Gibbous
2019-07-13,0.35662224323,Waxing Gibbous
2019-07-14,0.39048543592,Waxing Gibbous
2019-07-15,0.42434862861,Waxing Gibbous
2019-07-16,0.4582118213,Full Moon
2019-07-17,0.49207501399,Full Moon
2019-07-18,0.52593820668,Full Moon
2019-07-19,0.55980139937,Full Moon
2019-07-20,0.59366459206,Waning Gibbous
2019-07-21,0.62752778475,Waning Gibbous
2019-07-22,0.66139097744,Waning Gibbous
2019-07-23,0.69525417013,Last Quarter
2019-07-24,0.72911736282,Last Quarter
2019-07-25,0.76298055551,Last Quarter
2019-07-26,0.7968437482,Last Quarter
2019-07-27,0.83070694089,Waning Crescent
2019-07-28,0.86457013358,Waning Crescent
2019-07-29,0.89843332627,Waning Crescent
2019-07-30,0.93229651896,Waning Crescent
2019-07-31,0.96615971165,New Moon
2019-08-01,2.290434e-05,New Moon
2019-08-02,0.03388609703,New Moon
2019-08-03,0.06774928972,Waxing Crescent
2019-08-04,0.10161248241,Waxing Crescent
2019-08-05,0.1354756751,Waxing Crescent
2019-08-06,0.16933886779,Waxing Crescent
2019-08-07,0.20320206048,First Quarter
2019-08-08,0.23706525317,First Quarter
2019-08-09,0.27092844586,First Quarter
2019-08-10,0.30479163855,First Quarter
2019-08-11,0.33865483124,Waxing Gibbous
2019-08-12,0.37251802393,Waxing Gibbous
2019-08-13,0.40638121662,Waxing Gibbous
2019-08-14,0.44024440931,Full Moon
2019-08-15,0.474107602,Full Moon
2019-08-16,0.50797079469,Full Moon
2019-08-17,0.54183398738,Full Moon
2019-08-18,0.57569718007,Waning Gibbous
2019-08-19,0.60956037276,Waning Gibbous
2019-08-20,0.64342356545,Waning Gibbous
2019-08-21,0.67728675814,Waning Gibbous
2019-08-22,0.71114995083,Last Quarter
2019-08-23,0.74501314352,Last Quarter
2019-08-24,0.77887633621,Last Quarter
2019-08-25,0.8127395289,Waning Crescent
2019-08-26,0.84660272159,Waning Crescent
2019-08-27,0.88046591428,Waning Crescent
2019-08-28,0.91432910697,Waning Crescent
2019-08-29,0.94819229966,New Moon
2019-08-30,0.98205549235,New Moon
2019-08-31,0.01591868504,New Moon
2019-09-01,0.04978187773,New Moon
2019-09-02,0.08364507042,Waxing Crescent
2019-09-03,0.11750826311,Waxing Crescent
2019-09-04,0.1513714558,Waxing Crescent
2019-09-05,0.18523464849,Waxing Crescent
2019-09-06,0.21909784118,First Quarter
2019-09-07,0.25296103387,First Quarter
2019-09-08,0.28682422656,First Quarter
2019-09-09,0.32068741925,Waxing Gibbous
2019-09-10,0.35455061194,Waxing Gibbous
2019-09-11,0.38841380463,Waxing Gibbous
2019-09-12,0.42227699732,Waxing Gibbous
2019-09-13,0.45614019001,Full Moon
2019-09-14,0.4900033827,Full Moon
2019-09-15,0.52386657539,Full Moon
2019-09-16,0.55772976808,Full Moon
2019-09-17,0.59159296077,Waning Gibbous
2019-09-18,0.62545615346,Waning Gibbous
2019-09-19,0.65931934615,Waning Gibbous
2019-09-20,0.69318253884,Last Quarter
2019-09-21,0.72704573153,Last Quarter
2019-09-22,0.76090892422,Last Quarter
2019-09-23,0.79477211691,Last Quarter
2019-09-24,0.8286353096,Waning Crescent
2019-09-25,0.86249850229,Waning Crescent
2019-09-26,0.89636169498,Waning Crescent
2019-09-27,0.93022488767,Waning Crescent
2019-09-28,0.96408808036,New Moon
2019-09-29,0.99795127305,New Moon
2019-09-30,0.03181446574,New Moon
2019-10-01,0.06567765843,Waxing Crescent
2019-10-02,0.09954085112,Waxing Crescent
2019-10-03,0.13340404381,Waxing Crescent
2019-10-04,0.1672672365,Waxing Crescent
2019-10-05,0.20113042919,First Quarter
2019-10-06,0.23499362188,First Quarter
2019-10-07,0.26885681457,First Quarter
2019-10-08,0.30272000726,First Quarter
2019-10-09,0.33658319995,Waxing Gibbous
2019-10-10,0.37044639264,Waxing Gibbous
2019-10-11,0.40430958533,Waxing Gibbous
2019-10-12,0.43817277802,Full Moon
2019-10-13,0.47203597071,Full Moon
2019-10-14,0.5058991634,Full Moon
2019-10-15,0.53976235609,Full Moon
2019-10-16,0.57362554878,Waning Gibbous
2019-10-17,0.60748874147,Waning Gibbous
2019-10-18,0.64135193416,Waning Gibbous
2019-10-19,0.67521512685,Waning Gibbous
2019-10-20,0.70907831954,Last Quarter
2019-10-21,0.74294151223,Last Quarter
2019-10-22,0.77680470492,Last Quarter
2019-10-23,0.81066789761,Last Quarter
2019-10-24,0.8445310903,Waning Crescent
2019-10-25,0.87839428299,Waning Crescent
2019-10-26,0.91225747568,Waning Crescent
2019-10-27,0.94612066837,New Moon
2019-10-28,0.97998386106,New Moon
2019-10-29,0.01384705375,New Moon
2019-10-30,0.04771024644,New Moon
2019-10-31,0.08157343913,Waxing Crescent
2019-11-01,0.11543663182,Waxing Crescent
2019-11-02,0.14929982451,Waxing Crescent
2019-11-03,0.1831630172,Waxing Crescent
2019-11-04,0.21702620989,First Quarter
2019-11-05,0.25088940258,First Quarter
2019-11-06,0.28475259527,First Quarter
2019-11-07,0.31861578796,Waxing Gibbous
2019-11-08,0.35247898065,Waxing Gibbous
2019-11-09,0.38634217334,Waxing Gibbous
2019-11-10,0.42020536603,Waxing Gibbous
2019-11-11,0.45406855872,Full Moon
2019-11-12,0.48793175141,Full Moon
2019-11-13,0.5217949441,Full Moon
2019-11-14,0.55565813679,Full Moon
2019-11-15,0.58952132948,Waning Gibbous
2019-11-16,0.62338452217,Waning Gibbous
2019-11-17,0.65724771486,Waning Gibbous
2019-11-18,0.69111090755,Last Quarter
2019-11-19,0.72497410024,Last Quarter
2019-11-20,0.75883729293,Last Quarter
2019-11-21,0.79270048562,Last Quarter
2019-11-22,0.82656367831,Waning Crescent
2019-11-23,0.860426871,Waning Crescent
2019-11-24,0.89429006369,Waning Crescent
2019-11-25,0.92815325638,Waning Crescent
2019-11-26,0.96201644907,New Moon
2019-11-27,0.99587964176,New Moon
2019-11-28,0.02974283445,New Moon
2019-11-29,0.06360602714,Waxing Crescent
2019-11-30,0.09746921983,Waxing Crescent
2019-12-01,0.13133241252,Waxing Crescent
2019-12-02,0.16519560521,Waxing Crescent
2019-12-03,0.1990587979,First Quarter
2019-12-04,0.23292199059,First Quarter
2019-12-05,0.26678518328,First Quarter
2019-12-06,0.30064837597,First Quarter
2019-12-07,0.33451156866,Waxing Gibbous
2019-12-08,0.36837476135,Waxing Gibbous
2019-12-09,0.40223795404,Waxing Gibbous
2019-12-10,0.43610114673,Waxing Gibbous
2019-12-11,0.46996433942,Full Moon
2019-12-12,0.50382753211,Full Moon
2019-12-13,0.5376907248,Full Moon
2019-12-14,0.57155391749,Waning Gibbous
2019-12-15,0.60541711018,Waning Gibbous
2019-12-16,0.63928030287,Waning Gibbous
2019-12-17,0.67314349556,Waning Gibbous
2019-12-18,0.70700668825,Last Quarter
2019-12-19,0.74086988094,Last Quarter
2019-12-20,0.77473307363,Last Quarter
2019-12-21,0.80859626632,Last Quarter
2019-12-22,0.84245945901,Waning Crescent
2019-12-23,0.8763226517,Waning Crescent
2019-12-24,0.91018584439,Waning Crescent
2019-12-25,0.94404903708,New Moon
2019-12-26,0.97791222977,New Moon
2019-12-27,0.01177542246,New Moon
2019-12-28,0.04563861515,New Moon
2019-12-29,0.07950180784,Waxing Crescent
2019-12-30,0.11336500053,Waxing Crescent
2019-12-31,0.14722819322,Waxing Crescent
2020-01-01,0.18109138591,Waxing Crescent
2020-01-02,0.2149545786,First Quarter
2020-01-03,0.24881777129,First Quarter
2020-01-04,0.28268096398,First Quarter
2020-01-05,0.31654415667,Waxing Gibbous
2020-01-06,0.35040734936,Waxing Gibbous
2020-01-07,0.38427054205,Waxing Gibbous
2020-01-08,0.41813373474,Waxing Gibbous
2020-01-09,0.45199692743,Full Moon
2020-01-10,0.48586012012,Full Moon
2020-01-11,0.51972331281,Full Moon
2020-01-12,0.5535865055,Full Moon
2020-01-13,0.58744969819,Waning Gibbous
2020-01-14,0.62131289088,Waning Gibbous
2020-01-15,0.65517608357,Waning Gibbous
2020-01-16,0.68903927626,Last Quarter
2020-01-17,0.72290246895,Last Quarter
2020-01-18,0.75676566164,Last Quarter
2020-01-19,0.79062885433,Last Quarter
2020-01-20,0.82449204702,Waning Crescent
2020-01-21,0.85835523971,Waning Crescent
2020-01-22,0.8922184324,Waning Crescent
2020-01-23,0.92608162509,Waning Crescent
2020-01-24,0.95994481778,New Moon
2020-01-25,0.99380801047,New Moon
2020-01-26,0.02767120316,New Moon
2020-01-27,0.06153439585,New Moon
2020-01-28,0.09539758854,Waxing Crescent
2020-01-29,0.12926078123,Waxing Crescent
2020-01-30,0.16312397392,Waxing Crescent
2020-01-31,0.19698716661,First Quarter
2020-02-01,0.2308503593,First Quarter
2020-02-02,0.26471355199,First Quarter
2020-02-03,0.29857674468,First Quarter
2020-02-04,0.33243993737,Waxing Gibbous
2020-02-05,0.36630313006,Waxing Gibbous
2020-02-06,0.40016632275,Waxing Gibbous
2020-02-07,0.43402951544,Waxing Gibbous
2020-02-08,0.46789270813,Full Moon
2020-02-09,0.50175590082,Full Moon
2020-02-10,0.53561909351,Full Moon
2020-02-11,0.5694822862,Waning Gibbous
2020-02-12,0.60334547889,Waning Gibbous
2020-02-13,0.63720867158,Waning Gibbous
2020-02-14,0.67107186427,Waning Gibbous
2020-02-15,0.70493505696,Last Quarter
2020-02-16,0.73879824965,Last Quarter
2020-02-17,0.77266144234,Last Quarter
2020-02-18,0.80652463503,Last Quarter
2020-02-19,0.84038782772,Waning Crescent
2020-02-20,0.87425102041,Waning Crescent
2020-02-21,0.9081142131,Waning Crescent
2020-02-22,0.94197740579,New Moon
2020-02-23,0.97584059848,New Moon
2020-02-24,0.00970379117,New Moon
2020-02-25,0.04356698386,New Moon
2020-02-26,0.07743017655,Waxing Crescent
2020-02-27,0.11129336924,Waxing Crescent
2020-02-28,0.14515656193,Waxing Crescent
2020-02-29,0.17901975462,Waxing Crescent
2020-03-01,0.21288294731,First Quarter
2020-03-02,0.24674614,First Quarter
2020-03-03,0.28060933269,First Quarter
2020-03-04,0.31447252538,Waxing Gibbous
2020-03-05,0.34833571807,Waxing Gibbous
2020-03-06,0.38219891076,Waxing Gibbous
2020-03-07,0.41606210345,Waxing Gibbous
2020-03-08,0.44992529614,Full Moon
2020-03-09,0.48378848883,Full Moon
2020-03-10,0.51765168152,Full Moon
2020-03-11,0.55151487421,Full Moon
2020-03-12,0.5853780669,Waning Gibbous
2020-03-13,0.61924125959,Waning Gibbous
2020-03-14,0.65310445228,Waning Gibbous
2020-03-15,0.68696764497,Waning Gibbous
2020-03-16,0.72083083766,Last Quarter
2020-03-17,0.75469403035,Last Quarter
2020-03-18,0.78855722304,Last Quarter
2020-03-19,0.82242041573,Waning Crescent
2020-03-20,0.85628360842,Waning Crescent
2020-03-21,0.89014680111,Waning Crescent
2020-03-22,0.9240099938,Waning Crescent
2020-03-23,0.95787318649,New Moon
2020-03-24,0.99173637918,New Moon
2020-03-25,0.02559957187,New Moon
2020-03-26,0.05946276456,New Moon
2020-03-27,0.09332595725,Waxing Crescent
2020-03-28,0.12718914994,Waxing Crescent
2020-03-29,0.16105234263,Waxing Crescent
2020-03-30,0.19491553532,First Quarter
2020-03-31,0.22877872801,First Quarter
2020-04-01,0.2626419207,First Quarter
2020-04-02,0.29650511339,First Quarter
2020-04-03,0.33036830608,Waxing Gibbous
2020-04-04,0.36423149877,Waxing Gibbous
2020-04-05,0.39809469146,Waxing Gibbous
2020-04-06,0.43195788415,Waxing Gibbous
2020-04-07,0.46582107684,Full Moon
2020-04-08,0.49968426953,Full Moon
2020-04-09,0.53354746222,Full Moon
2020-04-10,0.56741065491,Waning Gibbous
2020-04-11,0.6012738476,Waning Gibbous
2020-04-12,0.63513704029,Waning Gibbous
2020-04-13,0.66900023298,Waning Gibbous
2020-04-14,0.70286342567,Last Quarter
2020-04-15,0.73672661836,Last Quarter
2020-04-16,0.77058981105,Last Quarter
2020-04-17,0.80445300374,Last Quarter
2020-04-18,0.83831619643,Waning Crescent
2020-04-19,0.87217938912,Waning Crescent
2020-04-20,0.90604258181,Waning Crescent
2020-04-21,0.9399057745,New Moon
2020-04-22,0.97376896719,New Moon
2020-04-23,0.00763215988,New Moon
2020-04-24,0.04149535257,New Moon
2020-04-25,0.07535854526,Waxing Crescent
2020-04-26,0.10922173795,Waxing Crescent
2020-04-27,0.14308493064,Waxing Crescent
2020-04-28,0.17694812333,Waxing Crescent
2020-04-29,0.21081131602,First Quarter
2020-04-30,0.24467450871,First Quarter
2020-05-01,0.2785377014,First Quarter
2020-05-02,0.31240089409,First Quarter
2020-05-03,0.34626408678,Waxing Gibbous
2020-05-04,0.38012727947,Waxing Gibbous
2020-05-05,0.41399047216,Waxing Gibbous
2020-05-06,0.44785366485,Full Moon
2020-05-07,0.48171685754,Full Moon
2020-05-08,0.51558005023,Full Moon
2020-05-09,0.54944324292,Full Moon
2020-05-10,0.58330643561,Waning Gibbous
2020-05-11,0.6171696283,Waning Gibbous
2020-05-12,0.65103282099,Waning Gibbous
2020-05-13,0.68489601368,Waning Gibbous
2020-05-14,0.71875920637,Last Quarter
2020-05-15,0.75262239906,Last Quarter
2020-05-16,0.78648559175,Last Quarter
2020-05-17,0.82034878444,Waning Crescent
2020-05-18,0.85421197713,Waning Crescent
2020-05-19,0.88807516982,Waning Crescent
2020-05-20,0.92193836251,Waning Crescent
2020-05-21,0.9558015552,New Moon
2020-05-22,0.98966474789,New Moon
2020-05-23,0.02352794058,New Moon
2020-05-24,0.05739113327,New Moon
2020-05-25,0.09125432596,Waxing Crescent
2020-05-26,0.12511751865,Waxing Crescent
2020-05-27,0.15898071134,Waxing Crescent
2020-05-28,0.19284390403,First Quarter
2020-05-29,0.22670709672,First Quarter
2020-05-30,0.26057028941,First Quarter
2020-05-31,0.2944334821,First Quarter
2020-06-01,0.32829667479,Waxing Gibbous
2020-06-02,0.36215986748,Waxing Gibbous
2020-06-03,0.39602306017,Waxing Gibbous
2020-06-04,0.42988625286,Waxing Gibbous
2020-06-05,0.46374944555,Full Moon
2020-06-06,0.49761263824,Full Moon
2020-06-07,0.53147583093,Full Moon
2020-06-08,0.56533902362,Waning Gibbous
2020-06-09,0.59920221631,Waning Gibbous
2020-06-10,0.633065409,Waning Gibbous
2020-06-11,0.66692860169,Waning Gibbous
2020-06-12,0.70079179438,Last Quarter
2020-06-13,0.73465498707,Last Quarter
2020-06-14,0.76851817976,Last Quarter
2020-06-15,0.80238137245,Last Quarter
2020-06-16,0.83624456514,Waning Crescent
2020-06-17,0.87010775783,Waning Crescent
2020-06-18,0.90397095052,Waning Crescent
2020-06-19,0.93783414321,New Moon
2020-06-20,0.9716973359,New Moon
2020-06-21,0.00556052859,New Moon
2020-06-22,0.03942372128,New Moon
2020-06-23,0.07328691397,Waxing Crescent
2020-06-24,0.10715010666,Waxing Crescent
2020-06-25,0.14101329935,Waxing Crescent
2020-06-26,0.17487649204,Waxing Crescent
2020-06-27,0.20873968473,First Quarter
2020-06-28,0.24260287742,First Quarter
2020-06-29,0.27646607011,First Quarter
2020-06-30,0.3103292628,First Quarter
2020-07-01,0.34419245549,Waxing Gibbous
2020-07-02,0.37805564818,Waxing Gibbous
2020-07-03,0.41191884087,Waxing Gibbous
2020-07-04,0.44578203356,Full Moon
2020-07-05,0.47964522625,Full Moon
2020-07-06,0.51350841894,Full Moon
2020-07-07,0.54737161163,Full Moon
2020-07-08,0.58123480432,Waning Gibbous
2020-07-09,0.61509799701,Waning Gibbous
2020-07-10,0.6489611897,Waning Gibbous
2020-07-11,0.68282438239,Waning Gibbous
2020-07-12,0.71668757508,Last Quarter
2020-07-13,0.75055076777,Last Quarter
2020-07-14,0.78441396046,Last Quarter
2020-07-15,0.81827715315,Waning Crescent
2020-07-16,0.85214034584,Waning Crescent
2020-07-17,0.88600353853,Waning Crescent
2020-07-18,0.91986673122,Waning Crescent
2020-07-19,0.95372992391,New Moon
2020-07-20,0.9875931166,New Moon
2020-07-21,0.02145630929,New Moon
2020-07-22,0.05531950198,New Moon
2020-07-23,0.08918269467,Waxing Crescent
2020-07-24,0.12304588736,Waxing Crescent
2020-07-25,0.15690908005,Waxing Crescent
2020-07-26,0.19077227274,First Quarter
2020-07-27,0.22463546543,First Quarter
2020-07-28,0.25849865812,First Quarter
2020-07-29,0.29236185081,First Quarter
2020-07-30,0.3262250435,Waxing Gibbous
2020-07-31,0.36008823619,Waxing Gibbous
2020-08-01,0.39395142888,Waxing Gibbous
2020-08-02,0.42781462157,Waxing Gibbous
2020-08-03,0.46167781426,Full Moon
2020-08-04,0.49554100695,Full Moon
2020-08-05,0.52940419964,Full Moon
2020-08-06,0.56326739233,Waning Gibbous
2020-08-07,0.59713058502,Waning Gibbous
2020-08-08,0.63099377771,Waning Gibbous
2020-08-09,0.6648569704,Waning Gibbous
2020-08-10,0.69872016309,Last Quarter
2020-08-11,0.73258335578,Last Quarter
2020-08-12,0.76644654847,Last Quarter
2020-08-13,0.80030974116,Last Quarter
2020-08-14,0.83417293385,Waning Crescent
2020-08-15,0.86803612654,Waning Crescent
2020-08-16,0.90189931923,Waning Crescent
2020-08-17,0.93576251192,Waning Crescent
2020-08-18,0.96962570461,New Moon
2020-08-19,0.0034888973,New Moon
2020-08-20,0.03735208999,New Moon
2020-08-21,0.07121528268,Waxing Crescent
2020-08-22,0.10507847537,Waxing Crescent
2020-08-23,0.13894166806,Waxing Crescent
2020-08-24,0.17280486075,Waxing Crescent
2020-08-25,0.20666805344,First Quarter
2020-08-26,0.24053124613,First Quarter
2020-08-27,0.27439443882,First Quarter
2020-08-28,0.30825763151,First Quarter
2020-08-29,0.3421208242,Waxing Gibbous
2020-08-30,0.37598401689,Waxing Gibbous
2020-08-31,0.40984720958,Waxing Gibbous
2020-09-01,0.44371040227,Full Moon
2020-09-02,0.47757359496,Full Moon
2020-09-03,0.51143678765,Full Moon
2020-09-04,0.54529998034,Full Moon
2020-09-05,0.57916317303,Waning Gibbous
2020-09-06,0.61302636572,Waning Gibbous
2020-09-07,0.64688955841,Waning Gibbous
2020-09-08,0.6807527511,Waning Gibbous
2020-09-09,0.71461594379,Last Quarter
2020-09-10,0.74847913648,Last Quarter
2020-09-11,0.78234232917,Last Quarter
2020-09-12,0.81620552186,Waning Crescent
2020-09-13,0.85006871455,Waning Crescent
2020-09-14,0.88393190724,Waning Crescent
2020-09-15,0.91779509993,Waning Crescent
2020-09-16,0.95165829262,New Moon
2020-09-17,0.98552148531,New Moon
2020-09-18,0.019384678,New Moon
2020-09-19,0.05324787069,New Moon
2020-09-20,0.08711106338,Waxing Crescent
2020-09-21,0.12097425607,Waxing Crescent
2020-09-22,0.15483744876,Waxing Crescent
2020-09-23,0.18870064145,First Quarter
2020-09-24,0.22256383414,First Quarter
2020-09-25,0.25642702683,First Quarter
2020-09-26,0.29029021952,First Quarter
2020-09-27,0.32415341221,Waxing Gibbous
2020-09-28,0.3580166049,Waxing Gibbous
2020-09-29,0.39187979759,Waxing Gibbous
2020-09-30,0.42574299028,Waxing Gibbous
2020-10-01,0.45960618297,Full Moon
2020-10-02,0.49346937566,Full Moon
2020-10-03,0.52733256835,Full Moon
2020-10-04,0.56119576104,Full Moon
2020-10-05,0.59505895373,Waning Gibbous
2020-10-06,0.62892214642,Waning Gibbous
2020-10-07,0.66278533911,Waning Gibbous
2020-10-08,0.6966485318,Last Quarter
2020-10-09,0.73051172449,Last Quarter
2020-10-10,0.76437491718,Last Quarter
2020-10-11,0.79823810987,Last Quarter
2020-10-12,0.83210130256,Waning Crescent
2020-10-13,0.86596449525,Waning Crescent
2020-10-14,0.89982768794,Waning Crescent
2020-10-15,0.93369088063,Waning Crescent
2020-10-16,0.96755407332,New Moon
2020-10-17,0.00141726601,New Moon
2020-10-18,0.0352804587,New Moon
2020-10-19,0.06914365139,Waxing Crescent
2020-10-20,0.10300684408,Waxing Crescent
2020-10-21,0.13687003677,Waxing Crescent
2020-10-22,0.17073322946,Waxing Crescent
2020-10-23,0.20459642215,First Quarter
2020-10-24,0.23845961484,First Quarter
2020-10-25,0.27232280753,First Quarter
2020-10-26,0.30618600022,First Quarter
2020-10-27,0.34004919291,Waxing Gibbous
2020-10-28,0.3739123856,Waxing Gibbous
2020-10-29,0.40777557829,Waxing Gibbous
2020-10-30,0.44163877098,Full Moon
2020-10-31,0.47550196367,Full Moon
2020-11-01,0.50936515636,Full Moon
2020-11-02,0.54322834905,Full Moon
2020-11-03,0.57709154174,Waning Gibbous
2020-11-04,0.61095473443,Waning Gibbous
2020-11-05,0.64481792712,Waning Gibbous
2020-11-06,0.67868111981,Waning Gibbous
2020-11-07,0.7125443125,Last Quarter
2020-11-08,0.74640750519,Last Quarter
2020-11-09,0.78027069788,Last Quarter
2020-11-10,0.81413389057,Waning Crescent
2020-11-11,0.84799708326,Waning Crescent
2020-11-12,0.88186027595,Waning Crescent
2020-11-13,0.91572346864,Waning Crescent
2020-11-14,0.94958666133,New Moon
2020-11-15,0.98344985402,New Moon
2020-11-16,0.01731304671,New Moon
2020-11-17,0.0511762394,New Moon
2020-11-18,0.08503943209,Waxing Crescent
2020-11-19,0.11890262478,Waxing Crescent
2020-11-20,0.15276581747,Waxing Crescent
2020-11-21,0.18662901016,Waxing Crescent
2020-11-22,0.22049220285,First Quarter
2020-11-23,0.25435539554,First Quarter
2020-11-24,0.28821858823,First Quarter
2020-11-25,0.32208178092,Waxing Gibbous
2020-11-26,0.35594497361,Waxing Gibbous
2020-11-27,0.3898081663,Waxing Gibbous
2020-11-28,0.42367135899,Waxing Gibbous
2020-11-29,0.45753455168,Full Moon
2020-11-30,0.49139774437,Full Moon
2020-12-01,0.52526093706,Full Moon
2020-12-02,0.55912412975,Full Moon
2020-12-03,0.59298732244,Waning Gibbous
2020-12-04,0.62685051513,Waning Gibbous
2020-12-05,0.66071370782,Waning Gibbous
2020-12-06,0.69457690051,Last Quarter
2020-12-07,0.7284400932,Last Quarter
2020-12-08,0.76230328589,Last Quarter
2020-12-09,0.79616647858,Last Quarter
2020-12-10,0.83002967127,Waning Crescent
2020-12-11,0.86389286396,Waning Crescent
2020-12-12,0.89775605665,Waning Crescent
2020-12-13,0.93161924934,Waning Crescent
2020-12-14,0.96548244203,New Moon
2020-12-15,0.99934563472,New Moon
2020-12-16,0.03320882741,New Moon
2020-12-17,0.0670720201,Waxing Crescent
2020-12-18,0.10093521279,Waxing Crescent
2020-12-19,0.13479840548,Waxing Crescent
2020-12-20,0.16866159817,Waxing Crescent
2020-12-21,0.20252479086,First Quarter
2020-12-22,0.23638798355,First Quarter
2020-12-23,0.27025117624,First Quarter
2020-12-24,0.30411436893,First Quarter
2020-12-25,0.33797756162,Waxing Gibbous
2020-12-26,0.37184075431,Waxing Gibbous
2020-12-27,0.405703947,Waxing Gibbous
2020-12-28,0.43956713969,Full Moon
2020-12-29,0.47343033238,Full Moon
2020-12-30,0.50729352507,Full Moon
2020-12-31,0.54115671776,Full Moon
2021-01-01,0.57501991045,Waning Gibbous
2021-01-02,0.60888310314,Waning Gibbous
2021-01-03,0.64274629583,Waning Gibbous
2021-01-04,0.67660948852,Waning Gibbous
2021-01-05,0.71047268121,Last Quarter
2021-01-06,0.7443358739,Last Quarter
2021-01-07,0.77819906659,Last Quarter
2021-01-08,0.81206225928,Last Quarter
2021-01-09,0.84592545197,Waning Crescent
2021-01-10,0.87978864466,Waning Crescent
2021-01-11,0.91365183735,Waning Crescent
2021-01-12,0.94751503004,New Moon
2021-01-13,0.98137822273,New Moon
2021-01-14,0.01524141542,New Moon
2021-01-15,0.04910460811,New Moon
2021-01-16,0.0829678008,Waxing Crescent
2021-01-17,0.11683099349,Waxing Crescent
2021-01-18,0.15069418618,Waxing Crescent
2021-01-19,0.18455737887,Waxing Crescent
2021-01-20,0.21842057156,First Quarter
2021-01-21,0.25228376425,First Quarter
2021-01-22,0.28614695694,First Quarter
2021-01-23,0.32001014963,Waxing Gibbous
2021-01-24,0.35387334232,Waxing Gibbous
2021-01-25,0.38773653501,Waxing Gibbous
2021-01-26,0.4215997277,Waxing Gibbous
2021-01-27,0.45546292039,Full Moon
2021-01-28,0.48932611308,Full Moon
2021-01-29,0.52318930577,Full Moon
2021-01-30,0.55705249846,Full Moon
2021-01-31,0.59091569115,Waning Gibbous
2021-02-01,0.62477888384,Waning Gibbous
2021-02-02,0.65864207653,Waning Gibbous
2021-02-03,0.69250526922,Last Quarter
2021-02-04,0.72636846191,Last Quarter
2021-02-05,0.7602316546,Last Quarter
2021-02-06,0.79409484729,Last Quarter
2021-02-07,0.82795803998,Waning Crescent
2021-02-08,0.86182123267,Waning Crescent
2021-02-09,0.89568442536,Waning Crescent
2021-02-10,0.92954761805,Waning Crescent
2021-02-11,0.96341081074,New Moon
2021-02-12,0.99727400343,New Moon
2021-02-13,0.03113719612,New Moon
2021-02-14,0.06500038881,Waxing Crescent
2021-02-15,0.0988635815,Waxing Crescent
2021-02-16,0.13272677419,Waxing Crescent
2021-02-17,0.16658996688,Waxing Crescent
2021-02-18,0.20045315957,First Quarter
2021-02-19,0.23431635226,First Quarter
2021-02-20,0.26817954495,First Quarter
2021-02-21,0.30204273764,First Quarter
2021-02-22,0.33590593033,Waxing Gibbous
2021-02-23,0.36976912302,Waxing Gibbous
2021-02-24,0.40363231571,Waxing Gibbous
2021-02-25,0.4374955084,Waxing Gibbous
2021-02-26,0.47135870109,Full Moon
2021-02-27,0.50522189378,Full Moon
2021-02-28,0.53908508647,Full Moon
2021-03-01,0.57294827916,Waning Gibbous
2021-03-02,0.60681147185,Waning Gibbous
2021-03-03,0.64067466454,Waning Gibbous
2021-03-04,0.67453785723,Waning Gibbous
2021-03-05,0.70840104992,Last Quarter
2021-03-06,0.74226424261,Last Quarter
2021-03-07,0.7761274353,Last Quarter
2021-03-08,0.80999062799,Last Quarter
2021-03-09,0.84385382068,Waning Crescent
2021-03-10,0.87771701337,Waning Crescent
2021-03-11,0.91158020606,Waning Crescent
2021-03-12,0.94544339875,New Moon
2021-03-13,0.97930659144,New Moon
2021-03-14,0.01316978413,New Moon
2021-03-15,0.04703297682,New Moon
2021-03-16,0.08089616951,Waxing Crescent
2021-03-17,0.1147593622,Waxing Crescent
2021-03-18,0.14862255489,Waxing Crescent
2021-03-19,0.18248574758,Waxing Crescent
2021-03-20,0.21634894027,First Quarter
2021-03-21,0.25021213296,First Quarter
2021-03-22,0.28407532565,First Quarter
2021-03-23,0.31793851834,Waxing Gibbous
2021-03-24,0.35180171103,Waxing Gibbous
2021-03-25,0.38566490372,Waxing Gibbous
2021-03-26,0.41952809641,Waxing Gibbous
2021-03-27,0.4533912891,Full Moon
2021-03-28,0.48725448179,Full Moon
2021-03-29,0.52111767448,Full Moon
2021-03-30,0.55498086717,Full Moon
2021-03-31,0.58884405986,Waning Gibbous
2021-04-01,0.62270725255,Waning Gibbous
2021-04-02,0.65657044524,Waning Gibbous
2021-04-03,0.69043363793,Last Quarter
2021-04-04,0.72429683062,Last Quarter
2021-04-05,0.75816002331,Last Quarter
2021-04-06,0.792023216,Last Quarter
2021-04-07,0.82588640869,Waning Crescent
2021-04-08,0.85974960138,Waning Crescent
2021-04-09,0.89361279407,Waning Crescent
2021-04-10,0.92747598676,Waning Crescent
2021-04-11,0.96133917945,New Moon
2021-04-12,0.99520237214,New Moon
2021-04-13,0.02906556483,New Moon
2021-04-14,0.06292875752,Waxing Crescent
2021-04-15,0.09679195021,Waxing Crescent
2021-04-16,0.1306551429,Waxing Crescent
2021-04-17,0.16451833559,Waxing Crescent
2021-04-18,0.19838152828,First Quarter
2021-04-19,0.23224472097,First Quarter
2021-04-20,0.26610791366,First Quarter
2021-04-21,0.29997110635,First Quarter
2021-04-22,0.33383429904,Waxing Gibbous
2021-04-23,0.36769749173,Waxing Gibbous
2021-04-24,0.40156068442,Waxing Gibbous
2021-04-25,0.43542387711,Waxing Gibbous
2021-04-26,0.4692870698,Full Moon
2021-04-27,0.50315026249,Full Moon
2021-04-28,0.53701345518,Full Moon
2021-04-29,0.57087664787,Waning Gibbous
2021-04-30,0.60473984056,Waning Gibbous
2021-05-01,0.63860303325,Waning Gibbous
2021-05-02,0.67246622594,Waning Gibbous
2021-05-03,0.70632941863,Last Quarter
2021-05-04,0.74019261132,Last Quarter
2021-05-05,0.77405580401,Last Quarter
2021-05-06,0.8079189967,Last Quarter
2021-05-07,0.84178218939,Waning Crescent
2021-05-08,0.87564538208,Waning Crescent
2021-05-09,0.90950857477,Waning Crescent
2021-05-10,0.94337176746,New Moon
2021-05-11,0.97723496015,New Moon
2021-05-12,0.01109815284,New Moon
2021-05-13,0.04496134553,New Moon
2021-05-14,0.07882453822,Waxing Crescent
2021-05-15,0.11268773091,Waxing Crescent
2021-05-16,0.1465509236,Waxing Crescent
2021-05-17,0.18041411629,Waxing Crescent
2021-05-18,0.21427730898,First Quarter
2021-05-19,0.24814050167,First Quarter
2021-05-20,0.28200369436,First Quarter
2021-05-21,0.31586688705,Waxing Gibbous
2021-05-22,0.34973007974,Waxing Gibbous
2021-05-23,0.38359327243,Waxing Gibbous
2021-05-24,0.41745646512,Waxing Gibbous
2021-05-25,0.45131965781,Full Moon
2021-05-26,0.4851828505,Full Moon
2021-05-27,0.51904604319,Full Moon
2021-05-28,0.55290923588,Full Moon
2021-05-29,0.58677242857,Waning Gibbous
2021-05-30,0.62063562126,Waning Gibbous
2021-05-31,0.65449881395,Waning Gibbous
2021-06-01,0.68836200664,Last Quarter
2021-06-02,0.72222519933,Last Quarter
2021-06-03,0.75608839202,Last Quarter
2021-06-04,0.78995158471,Last Quarter
2021-06-05,0.8238147774,Waning Crescent
2021-06-06,0.85767797009,Waning Crescent
2021-06-07,0.89154116278,Waning Crescent
2021-06-08,0.92540435547,Waning Crescent
2021-06-09,0.95926754816,New Moon
2021-06-10,0.99313074085,New Moon
2021-06-11,0.02699393354,New Moon
2021-06-12,0.06085712623,New Moon
2021-06-13,0.09472031892,Waxing Crescent
2021-06-14,0.12858351161,Waxing Crescent
2021-06-15,0.1624467043,Waxing Crescent
2021-06-16,0.19630989699,First Quarter
2021-06-17,0.23017308968,First Quarter
2021-06-18,0.26403628237,First Quarter
2021-06-19,0.29789947506,First Quarter
2021-06-20,0.33176266775,Waxing Gibbous
2021-06-21,0.36562586044,Waxing Gibbous
2021-06-22,0.39948905313,Waxing Gibbous
2021-06-23,0.43335224582,Waxing Gibbous
2021-06-24,0.46721543851,Full Moon
2021-06-25,0.5010786312,Full Moon
2021-06-26,0.53494182389,Full Moon
2021-06-27,0.56880501658,Waning Gibbous
2021-06-28,0.60266820927,Waning Gibbous
2021-06-29,0.63653140196,Waning Gibbous
2021-06-30,0.67039459465,Waning Gibbous
2021-07-01,0.70425778734,Last Quarter
2021-07-02,0.73812098003,Last Quarter
2021-07-03,0.77198417272,Last Quarter
2021-07-04,0.80584736541,Last Quarter
2021-07-05,0.8397105581,Waning Crescent
2021-07-06,0.87357375079,Waning Crescent
2021-07-07,0.90743694348,Waning Crescent
2021-07-08,0.94130013617,New Moon
2021-07-09,0.97516332886,New Moon
2021-07-10,0.00902652155,New Moon
2021-07-11,0.04288971424,New Moon
2021-07-12,0.07675290693,Waxing Crescent
2021-07-13,0.11061609962,Waxing Crescent
2021-07-14,0.14447929231,Waxing Crescent
2021-07-15,0.178342485,Waxing Crescent
2021-07-16,0.21220567769,First Quarter
2021-07-17,0.24606887038,First Quarter
2021-07-18,0.27993206307,First Quarter
2021-07-19,0.31379525576,Waxing Gibbous
2021-07-20,0.34765844845,Waxing Gibbous
2021-07-21,0.38152164114,Waxing Gibbous
2021-07-22,0.41538483383,Waxing Gibbous
2021-07-23,0.44924802652,Full Moon
2021-07-24,0.48311121921,Full Moon
2021-07-25,0.5169744119,Full Moon
2021-07-26,0.55083760459,Full Moon
2021-07-27,0.58470079728,Waning Gibbous
2021-07-28,0.61856398997,Waning Gibbous
2021-07-29,0.65242718266,Waning Gibbous
2021-07-30,0.68629037535,Waning Gibbous
2021-07-31,0.72015356804,Last Quarter
2021-08-01,0.75401676073,Last Quarter
2021-08-02,0.78787995342,Last Quarter
2021-08-03,0.82174314611,Waning Crescent
2021-08-04,0.8556063388,Waning Crescent
2021-08-05,0.88946953149,Waning Crescent
2021-08-06,0.92333272418,Waning Crescent
2021-08-07,0.95719591687,New Moon
2021-08-08,0.99105910956,New Moon
2021-08-09,0.02492230225,New Moon
2021-08-10,0.05878549494,New Moon
2021-08-11,0.09264868763,Waxing Crescent
2021-08-12,0.12651188032,Waxing Crescent
2021-08-13,0.16037507301,Waxing Crescent
2021-08-14,0.1942382657,First Quarter
2021-08-15,0.22810145839,First Quarter
2021-08-16,0.26196465108,First Quarter
2021-08-17,0.29582784377,First Quarter
2021-08-18,0.32969103646,Waxing Gibbous
2021-08-19,0.36355422915,Waxing Gibbous
2021-08-20,0.39741742184,Waxing Gibbous
2021-08-21,0.43128061453,Waxing Gibbous
2021-08-22,0.46514380722,Full Moon
2021-08-23,0.49900699991,Full Moon
2021-08-24,0.5328701926,Full Moon
2021-08-25,0.56673338529,Waning Gibbous
2021-08-26,0.60059657798,Waning Gibbous
2021-08-27,0.63445977067,Waning Gibbous
2021-08-28,0.66832296336,Waning Gibbous
2021-08-29,0.70218615605,Last Quarter
2021-08-30,0.73604934874,Last Quarter
2021-08-31,0.76991254143,Last Quarter
2021-09-01,0.80377573412,Last Quarter
2021-09-02,0.83763892681,Waning Crescent
2021-09-03,0.8715021195,Waning Crescent
2021-09-04,0.90536531219,Waning Crescent
2021-09-05,0.93922850488,New Moon
2021-09-06,0.97309169757,New Moon
2021-09-07,0.00695489026,New Moon
2021-09-08,0.04081808295,New Moon
2021-09-09,0.07468127564,Waxing Crescent
2021-09-10,0.10854446833,Waxing Crescent
2021-09-11,0.14240766102,Waxing Crescent
2021-09-12,0.17627085371,Waxing Crescent
2021-09-13,0.2101340464,First Quarter
2021-09-14,0.24399723909,First Quarter
2021-09-15,0.27786043178,First Quarter
2021-09-16,0.31172362447,First Quarter
2021-09-17,0.34558681716,Waxing Gibbous
2021-09-18,0.37945000985,Waxing Gibbous
2021-09-19,0.41331320254,Waxing Gibbous
2021-09-20,0.44717639523,Full Moon
2021-09-21,0.48103958792,Full Moon
2021-09-22,0.51490278061,Full Moon
2021-09-23,0.5487659733,Full Moon
2021-09-24,0.58262916599,Waning Gibbous
2021-09-25,0.61649235868,Waning Gibbous
2021-09-26,0.65035555137,Waning Gibbous
2021-09-27,0.68421874406,Waning Gibbous
2021-09-28,0.71808193675,Last Quarter
2021-09-29,0.75194512944,Last Quarter
2021-09-30,0.78580832213,Last Quarter
2021-10-01,0.81967151482,Waning Crescent
2021-10-02,0.85353470751,Waning Crescent
2021-10-03,0.8873979002,Waning Crescent
2021-10-04,0.92126109289,Waning Crescent
2021-10-05,0.95512428558,New Moon
2021-10-06,0.98898747827,New Moon
2021-10-07,0.02285067096,New Moon
2021-10-08,0.05671386365,New Moon
2021-10-09,0.09057705634,Waxing Crescent
2021-10-10,0.12444024903,Waxing Crescent
2021-10-11,0.15830344172,Waxing Crescent
2021-10-12,0.19216663441,First Quarter
2021-10-13,0.2260298271,First Quarter
2021-10-14,0.25989301979,First Quarter
2021-10-15,0.29375621248,First Quarter
2021-10-16,0.32761940517,Waxing Gibbous
2021-10-17,0.36148259786,Waxing Gibbous
2021-10-18,0.39534579055,Waxing Gibbous
2021-10-19,0.42920898324,Waxing Gibbous
2021-10-20,0.46307217593,Full Moon
2021-10-21,0.49693536862,Full Moon
2021-10-22,0.53079856131,Full Moon
2021-10-23,0.564661754,Waning Gibbous
2021-10-24,0.59852494669,Waning Gibbous
2021-10-25,0.63238813938,Waning Gibbous
2021-10-26,0.66625133207,Waning Gibbous
2021-10-27,0.70011452476,Last Quarter
2021-10-28,0.73397771745,Last Quarter
2021-10-29,0.76784091014,Last Quarter
2021-10-30,0.80170410283,Last Quarter
2021-10-31,0.83556729552,Waning Crescent
2021-11-01,0.86943048821,Waning Crescent
2021-11-02,0.9032936809,Waning Crescent
2021-11-03,0.93715687359,Waning Crescent
2021-11-04,0.97102006628,New Moon
2021-11-05,0.00488325897,New Moon
2021-11-06,0.03874645166,New Moon
2021-11-07,0.07260964435,Waxing Crescent
2021-11-08,0.10647283704,Waxing Crescent
2021-11-09,0.14033602973,Waxing Crescent
2021-11-10,0.17419922242,Waxing Crescent
2021-11-11,0.20806241511,First Quarter
2021-11-12,0.2419256078,First Quarter
2021-11-13,0.27578880049,First Quarter
2021-11-14,0.30965199318,First Quarter
2021-11-15,0.34351518587,Waxing Gibbous
2021-11-16,0.37737837856,Waxing Gibbous
2021-11-17,0.41124157125,Waxing Gibbous
2021-11-18,0.44510476394,Full Moon
2021-11-19,0.47896795663,Full Moon
2021-11-20,0.51283114932,Full Moon
2021-11-21,0.54669434201,Full Moon
2021-11-22,0.5805575347,Waning Gibbous
2021-11-23,0.61442072739,Waning Gibbous
2021-11-24,0.64828392008,Waning Gibbous
2021-11-25,0.68214711277,Waning Gibbous
2021-11-26,0.71601030546,Last Quarter
2021-11-27,0.74987349815,Last Quarter
2021-11-28,0.78373669084,Last Quarter
2021-11-29,0.81759988353,Waning Crescent
2021-11-30,0.85146307622,Waning Crescent
2021-12-01,0.88532626891,Waning Crescent
2021-12-02,0.9191894616,Waning Crescent
2021-12-03,0.95305265429,New Moon
2021-12-04,0.98691584698,New Moon
2021-12-05,0.02077903967,New Moon
2021-12-06,0.05464223236,New Moon
2021-12-07,0.08850542505,Waxing Crescent
2021-12-08,0.12236861774,Waxing Crescent
2021-12-09,0.15623181043,Waxing Crescent
2021-12-10,0.19009500312,First Quarter
2021-12-11,0.22395819581,First Quarter
2021-12-12,0.2578213885,First Quarter
2021-12-13,0.29168458119,First Quarter
2021-12-14,0.32554777388,Waxing Gibbous
2021-12-15,0.35941096657,Waxing Gibbous
2021-12-16,0.39327415926,Waxing Gibbous
2021-12-17,0.42713735195,Waxing Gibbous
2021-12-18,0.46100054464,Full Moon
2021-12-19,0.49486373733,Full Moon
2021-12-20,0.52872693002,Full Moon
2021-12-21,0.56259012271,Waning Gibbous
2021-12-22,0.5964533154,Waning Gibbous
2021-12-23,0.63031650809,Waning Gibbous
2021-12-24,0.66417970078,Waning Gibbous
2021-12-25,0.69804289347,Last Quarter
2021-12-26,0.73190608616,Last Quarter
2021-12-27,0.76576927885,Last Quarter
2021-12-28,0.79963247154,Last Quarter
2021-12-29,0.83349566423,Waning Crescent
2021-12-30,0.86735885692,Waning Crescent
